,cafe_id,feature_id
0,0,9
1,1,9
2,2,9
3,3,9
4,4,0
5,4,9
6,5,4
7,5,9
8,6,9
9,7,0
10,7,4
11,7,9
12,8,0
13,8,4
14,8,2
15,8,9
16,9,0
17,9,4
18,9,9
19,10,4
20,10,9
21,11,9
22,12,0
23,12,6
24,12,11
25,12,4
26,12,1
27,12,9
28,13,1
29,13,9
30,14,8
31,14,11
32,14,4
33,14,9
34,15,6
35,15,8
36,15,11
37,15,4
38,15,9
39,16,11
40,16,4
41,16,9
42,17,6
43,17,11
44,17,4
45,17,1
46,17,9
47,18,1
48,18,9
49,19,4
50,19,1
51,19,9
52,20,4
53,20,1
54,20,9
55,21,7
56,21,4
57,21,9
58,22,7
59,22,4
60,22,9
61,23,11
62,23,3
63,23,4
64,23,1
65,23,9
66,24,4
67,24,9
68,25,7
69,25,4
70,25,9
71,26,0
72,26,9
73,27,6
74,27,11
75,27,9
76,28,3
77,28,9
78,29,8
79,29,3
80,29,1
81,29,9
82,30,4
83,30,1
84,30,9
85,31,0
86,31,6
87,31,8
88,31,4
89,31,1
90,31,9
91,32,0
92,32,8
93,32,4
94,32,9
95,33,0
96,33,4
97,33,9
98,34,0
99,34,4
100,34,9
101,35,0
102,35,4
103,35,9
104,36,0
105,36,4
106,36,9
107,37,4
108,37,9
109,38,9
110,39,0
111,39,8
112,39,4
113,39,9
114,40,3
115,40,2
116,40,9
117,41,0
118,41,9
119,42,0
120,42,6
121,42,11
122,42,4
123,42,9
124,43,0
125,43,4
126,43,2
127,43,1
128,43,9
129,44,0
130,44,9
131,45,9
132,46,11
133,46,4
134,46,9
135,47,0
136,47,4
137,47,9
138,48,0
139,48,4
140,48,9
141,49,0
142,49,4
143,49,9
144,50,0
145,50,4
146,50,9
147,51,9
148,52,4
149,52,9
150,53,0
151,53,4
152,53,9
153,54,0
154,54,4
155,54,9
156,55,4
157,55,9
158,56,9
159,57,0
160,57,8
161,57,9
162,58,9
163,59,0
164,59,8
165,59,9
166,60,0
167,60,4
168,60,9
169,61,4
170,61,9
171,62,4
172,62,9
173,63,0
174,63,9
175,64,0
176,64,11
177,64,2
178,64,9
179,65,0
180,65,11
181,65,7
182,65,9
183,66,6
184,66,8
185,66,11
186,66,5
187,66,7
188,66,9
189,67,0
190,67,11
191,67,4
192,67,9
193,68,4
194,68,9
195,69,6
196,69,5
197,69,3
198,69,4
199,69,2
200,69,9
201,70,7
202,70,4
203,70,1
204,70,9
205,71,6
206,71,11
207,71,4
208,71,9
209,72,0
210,72,1
211,72,9
212,73,0
213,73,11
214,73,4
215,73,9
216,74,4
217,74,9
218,75,0
219,75,4
220,75,9
221,76,4
222,76,9
223,77,8
224,77,4
225,77,9
226,78,8
227,78,9
228,79,4
229,79,9
230,80,8
231,80,4
232,80,9
233,81,3
234,81,1
235,81,9
236,82,9
237,83,1
238,83,9
239,84,0
240,84,7
241,84,9
242,85,9
243,86,0
244,86,9
245,87,9
246,88,7
247,88,4
248,88,9
249,89,0
250,89,7
251,89,9
252,90,0
253,90,11
254,90,7
255,90,4
256,90,9
257,91,0
258,91,4
259,91,1
260,91,9
261,92,9
262,93,4
263,93,9
264,94,1
265,94,9
266,95,0
267,95,4
268,95,9
269,96,4
270,96,9
271,97,11
272,97,3
273,97,4
274,97,9
275,98,0
276,98,7
277,98,4
278,98,9
279,99,4
280,99,9
281,100,0
282,100,4
283,100,9
284,101,0
285,101,8
286,101,4
287,101,9
288,102,0
289,102,4
290,102,9
291,103,0
292,103,3
293,103,1
294,103,9
295,104,0
296,104,9
297,105,11
298,105,7
299,105,3
300,105,4
301,105,9
302,106,4
303,106,2
304,106,9
305,107,0
306,107,4
307,107,2
308,107,9
309,108,4
310,108,1
311,108,9
312,109,11
313,109,7
314,109,4
315,109,9
316,110,7
317,110,4
318,110,9
319,111,7
320,111,4
321,111,1
322,111,9
323,112,0
324,112,7
325,112,4
326,112,9
327,113,0
328,113,7
329,113,4
330,113,9
331,114,11
332,114,7
333,114,3
334,114,4
335,114,9
336,115,8
337,115,11
338,115,7
339,115,3
340,115,4
341,115,9
342,116,11
343,116,7
344,116,4
345,116,1
346,116,9
347,117,1
348,117,9
349,118,9
350,119,0
351,119,9
352,120,1
353,120,9
354,121,1
355,121,9
356,122,9
357,123,0
358,123,4
359,123,1
360,123,9
361,124,0
362,124,6
363,124,11
364,124,7
365,124,4
366,124,9
367,125,9
368,126,4
369,126,1
370,126,9
371,127,4
372,127,1
373,127,9
374,128,8
375,128,4
376,128,9
377,129,4
378,129,9
379,130,6
380,130,4
381,130,9
382,131,0
383,131,9
384,132,11
385,132,4
386,132,9
387,133,4
388,133,1
389,133,9
390,134,0
391,134,6
392,134,4
393,134,9
394,135,6
395,135,11
396,135,7
397,135,4
398,135,2
399,135,9
400,136,6
401,136,11
402,136,4
403,136,9
404,137,11
405,137,4
406,137,9
407,138,0
408,138,4
409,138,9
410,139,0
411,139,9
412,140,0
413,140,9
414,141,0
415,141,11
416,141,2
417,141,9
418,142,4
419,142,9
420,143,9
421,144,0
422,144,9
423,145,0
424,145,4
425,145,9
426,146,0
427,146,1
428,146,9
429,147,4
430,147,9
431,148,8
432,148,4
433,148,2
434,148,9
435,149,0
436,149,9
437,150,8
438,150,9
439,151,0
440,151,9
441,152,9
442,153,0
443,153,6
444,153,11
445,153,4
446,153,1
447,153,9
448,154,11
449,154,4
450,154,9
451,155,0
452,155,4
453,155,9
454,156,0
455,156,4
456,156,9
457,157,0
458,157,11
459,157,4
460,157,9
461,158,4
462,158,9
463,159,11
464,159,4
465,159,9
466,160,11
467,160,4
468,160,9
469,161,0
470,161,4
471,161,9
472,162,0
473,162,9
474,163,8
475,163,4
476,163,9
477,164,7
478,164,4
479,164,9
480,165,0
481,165,4
482,165,9
483,166,0
484,166,4
485,166,1
486,166,9
487,167,0
488,167,11
489,167,3
490,167,4
491,167,9
492,168,0
493,168,4
494,168,9
495,169,0
496,169,4
497,169,9
498,170,0
499,170,9
500,171,9
501,172,4
502,172,1
503,172,9
504,173,6
505,173,3
506,173,2
507,173,9
508,174,0
509,174,8
510,174,4
511,174,2
512,174,9
513,175,0
514,175,3
515,175,9
516,176,0
517,176,3
518,176,9
519,177,9
520,178,0
521,178,11
522,178,4
523,178,9
524,179,0
525,179,4
526,179,9
527,180,0
528,180,4
529,180,9
530,181,0
531,181,11
532,181,4
533,181,2
534,181,9
535,182,11
536,182,4
537,182,9
538,183,11
539,183,4
540,183,9
541,184,4
542,184,9
543,185,0
544,185,11
545,185,9
546,186,11
547,186,4
548,186,9
549,187,4
550,187,9
551,188,6
552,188,11
553,188,4
554,188,2
555,188,9
556,189,6
557,189,11
558,189,4
559,189,9
560,190,4
561,190,9
562,191,4
563,191,1
564,191,9
565,192,11
566,192,4
567,192,9
568,193,11
569,193,4
570,193,9
571,194,4
572,194,1
573,194,9
574,195,0
575,195,4
576,195,9
577,196,0
578,196,6
579,196,11
580,196,3
581,196,4
582,196,2
583,196,9
584,197,9
585,198,0
586,198,9
587,199,0
588,199,4
589,199,1
590,199,9
591,200,0
592,200,8
593,200,4
594,200,9
595,201,4
596,201,9
597,202,4
598,202,9
599,203,0
600,203,4
601,203,9
602,204,0
603,204,4
604,204,9
605,205,6
606,205,3
607,205,4
608,205,9
609,206,4
610,206,1
611,206,9
612,207,0
613,207,1
614,207,9
615,208,0
616,208,6
617,208,4
618,208,2
619,208,1
620,208,9
621,209,9
622,210,0
623,210,4
624,210,9
625,211,4
626,211,1
627,211,9
628,212,1
629,212,9
630,213,11
631,213,9
632,214,4
633,214,9
634,215,0
635,215,4
636,215,9
637,216,9
638,217,9
639,218,4
640,218,9
641,219,0
642,219,11
643,219,4
644,219,9
645,220,11
646,220,9
647,221,4
648,221,9
649,222,9
650,223,4
651,223,9
652,224,9
653,225,6
654,225,9
655,226,4
656,226,9
657,227,11
658,227,4
659,227,9
660,228,0
661,228,4
662,228,9
663,229,0
664,229,4
665,229,9
666,230,6
667,230,8
668,230,11
669,230,7
670,230,3
671,230,1
672,230,9
673,231,9
674,232,9
675,233,11
676,233,1
677,233,9
678,234,0
679,234,9
680,235,0
681,235,9
682,236,0
683,236,9
684,237,1
685,237,9
686,238,6
687,238,11
688,238,4
689,238,9
690,239,7
691,242,11
692,242,2
693,243,1
694,244,7
695,245,4
696,245,9
697,246,1
698,246,9
699,247,9
700,248,11
701,248,7
702,248,3
703,248,4
704,248,2
705,248,9
706,249,1
707,252,7
708,252,2
709,254,6
710,254,8
711,254,4
712,254,9
713,255,0
714,255,9
715,256,8
716,256,7
717,256,2
718,257,3
719,257,4
720,258,4
721,258,1
722,258,9
723,259,9
724,260,6
725,260,11
726,260,4
727,260,9
728,261,0
729,261,11
730,261,3
731,261,4
732,261,9
733,262,4
734,262,9
735,263,9
736,264,11
737,264,1
738,264,9
739,266,3
740,266,4
741,266,2
742,266,1
743,266,9
744,267,11
745,267,3
746,267,1
747,267,9
748,268,6
749,268,11
750,268,1
751,268,9
752,269,8
753,269,3
754,269,4
755,269,2
756,269,9
757,270,0
758,270,8
759,270,3
760,270,4
761,270,9
762,271,0
763,271,8
764,271,11
765,271,7
766,271,4
767,271,2
768,271,1
769,271,9
770,272,0
771,272,8
772,272,4
773,272,9
774,273,0
775,273,6
776,273,11
777,273,5
778,273,7
779,273,2
780,273,1
781,273,9
782,274,0
783,274,6
784,274,11
785,274,3
786,274,4
787,274,1
788,274,9
789,275,1
790,275,9
791,276,6
792,276,8
793,276,11
794,276,4
795,276,9
796,277,4
797,277,9
798,278,0
799,278,3
800,278,4
801,278,2
802,278,9
803,279,0
804,279,11
805,279,9
806,280,0
807,280,9
808,281,9
809,282,0
810,282,11
811,282,3
812,282,9
813,283,0
814,283,11
815,283,3
816,283,9
817,284,3
818,284,9
819,285,0
820,285,9
821,286,0
822,286,3
823,286,9
824,287,0
825,287,3
826,287,9
827,288,0
828,288,11
829,288,7
830,288,9
831,289,9
832,290,4
833,290,1
834,290,9
835,291,9
836,292,0
837,292,3
838,292,9
839,293,0
840,293,8
841,293,11
842,293,4
843,293,9
844,294,11
845,294,7
846,294,3
847,294,9
848,295,0
849,295,3
850,295,4
851,295,9
852,296,0
853,296,11
854,296,7
855,296,3
856,296,9
857,297,1
858,297,9
859,298,0
860,298,8
861,298,3
862,298,4
863,298,9
864,299,3
865,299,9
866,300,3
867,300,9
868,301,11
869,301,3
870,301,9
871,302,11
872,302,7
873,302,9
874,303,8
875,303,11
876,303,7
877,303,3
878,303,9
879,304,8
880,304,7
881,304,9
882,305,0
883,305,6
884,305,9
885,306,0
886,306,7
887,306,9
888,307,8
889,307,9
890,308,3
891,308,9
892,309,11
893,309,7
894,309,3
895,309,9
896,310,0
897,310,3
898,310,9
899,311,11
900,311,9
901,312,0
902,312,3
903,312,9
904,313,0
905,313,9
906,314,9
907,315,9
908,316,0
909,316,3
910,316,9
911,317,0
912,317,9
913,318,3
914,318,9
915,319,9
916,320,0
917,320,9
918,321,0
919,321,11
920,321,3
921,321,9
922,322,9
923,323,0
924,323,11
925,323,7
926,323,3
927,323,9
928,324,9
929,325,0
930,325,3
931,325,9
932,326,8
933,326,7
934,326,9
935,327,3
936,327,9
937,328,11
938,328,7
939,328,3
940,328,9
941,329,0
942,329,8
943,329,9
944,330,0
945,330,6
946,330,11
947,330,3
948,330,4
949,330,9
950,331,3
951,331,9
952,332,3
953,332,1
954,332,9
955,333,0
956,333,3
957,333,9
958,334,3
959,334,9
960,335,8
961,335,9
962,336,9
963,337,9
964,339,11
965,339,3
966,339,9
967,340,8
968,340,3
969,340,9
970,341,8
971,341,4
972,341,9
973,342,9
974,343,9
975,344,11
976,344,7
977,344,9
978,346,0
979,346,8
980,346,3
981,346,9
982,347,11
983,347,3
984,347,9
985,348,0
986,348,9
987,350,0
988,350,9
989,351,8
990,351,9
991,352,0
992,352,1
993,352,9
994,353,6
995,353,8
996,353,7
997,353,3
998,353,9
999,354,11
1000,354,1
1001,354,9
1002,357,0
1003,357,1
1004,357,9
1005,359,0
1006,359,7
1007,359,9
1008,360,0
1009,360,1
1010,360,9
1011,361,0
1012,361,3
1013,361,9
1014,362,9
1015,363,6
1016,363,8
1017,363,7
1018,363,9
1019,365,0
1020,365,11
1021,365,3
1022,365,9
1023,366,0
1024,366,1
1025,366,9
1026,367,8
1027,367,9
1028,368,0
1029,368,1
1030,368,9
1031,369,0
1032,369,9
1033,370,8
1034,370,3
1035,370,1
1036,370,9
1037,371,9
1038,372,3
1039,372,9
1040,373,0
1041,373,9
1042,374,8
1043,374,9
1044,375,0
1045,375,9
1046,376,0
1047,376,4
1048,376,9
1049,377,0
1050,377,9
1051,378,9
1052,379,9
1053,380,0
1054,380,3
1055,380,9
1056,381,9
1057,382,0
1058,382,3
1059,382,9
1060,383,0
1061,383,3
1062,383,9
1063,384,3
1064,384,4
1065,384,9
1066,386,6
1067,386,11
1068,386,7
1069,386,3
1070,386,9
1071,387,0
1072,387,11
1073,387,7
1074,387,9
1075,388,0
1076,388,3
1077,388,9
1078,389,6
1079,389,8
1080,389,11
1081,389,7
1082,389,3
1083,389,4
1084,389,9
1085,390,6
1086,390,8
1087,390,11
1088,390,7
1089,390,9
1090,391,9
1091,392,9
1092,393,0
1093,393,8
1094,393,9
1095,394,0
1096,394,9
1097,395,0
1098,395,9
1099,396,0
1100,396,9
1101,397,0
1102,397,9
1103,398,11
1104,398,9
1105,399,3
1106,399,9
1107,401,8
1108,401,4
1109,401,9
1110,402,3
1111,402,1
1112,402,9
1113,403,6
1114,403,9
1115,404,0
1116,404,3
1117,404,1
1118,404,9
1119,406,1
1120,406,9
1121,407,8
1122,407,1
1123,407,9
1124,408,1
1125,408,9
1126,409,6
1127,409,8
1128,409,7
1129,409,1
1130,409,9
1131,410,0
1132,410,1
1133,410,9
1134,411,0
1135,411,8
1136,411,9
1137,412,0
1138,412,9
1139,413,8
1140,413,9
1141,414,0
1142,414,8
1143,414,3
1144,414,9
1145,415,3
1146,415,9
1147,416,8
1148,416,9
1149,417,0
1150,417,8
1151,417,11
1152,417,7
1153,417,3
1154,417,9
1155,418,0
1156,418,3
1157,418,9
1158,420,0
1159,420,7
1160,420,9
1161,421,3
1162,421,9
1163,422,0
1164,422,11
1165,422,3
1166,422,9
1167,423,0
1168,423,6
1169,423,3
1170,423,9
1171,424,1
1172,424,9
1173,425,0
1174,425,3
1175,425,9
1176,426,0
1177,426,3
1178,426,9
1179,427,0
1180,427,11
1181,427,3
1182,427,9
1183,428,0
1184,428,3
1185,428,9
1186,429,0
1187,429,3
1188,429,9
1189,430,0
1190,430,4
1191,430,1
1192,430,9
1193,431,0
1194,431,11
1195,431,3
1196,431,9
1197,432,8
1198,432,11
1199,432,7
1200,432,3
1201,432,1
1202,432,9
1203,434,8
1204,434,9
1205,436,0
1206,436,9
1207,437,0
1208,437,9
1209,438,3
1210,438,9
1211,439,3
1212,439,1
1213,439,9
1214,440,8
1215,440,11
1216,440,7
1217,440,3
1218,440,9
1219,441,3
1220,441,9
1221,442,0
1222,442,3
1223,442,9
1224,443,0
1225,443,11
1226,443,9
1227,444,0
1228,444,11
1229,444,1
1230,444,9
1231,445,1
1232,445,9
1233,446,0
1234,446,9
1235,447,0
1236,447,9
1237,448,0
1238,448,11
1239,448,3
1240,448,9
1241,449,0
1242,449,11
1243,449,9
1244,450,0
1245,450,11
1246,450,9
1247,451,0
1248,451,3
1249,451,1
1250,451,9
1251,452,0
1252,452,8
1253,452,3
1254,452,9
1255,453,0
1256,453,3
1257,453,1
1258,453,9
1259,454,0
1260,454,9
1261,455,0
1262,455,11
1263,455,9
1264,456,0
1265,456,11
1266,456,3
1267,456,9
1268,457,0
1269,457,3
1270,457,9
1271,458,9
1272,459,1
1273,459,9
1274,460,1
1275,460,9
1276,461,0
1277,461,1
1278,461,9
1279,462,0
1280,462,9
1281,463,0
1282,463,1
1283,463,9
1284,464,0
1285,464,11
1286,464,9
1287,465,0
1288,465,11
1289,465,9
1290,466,3
1291,466,1
1292,466,9
1293,467,6
1294,467,11
1295,467,3
1296,467,1
1297,467,9
1298,468,0
1299,468,8
1300,468,3
1301,468,9
1302,469,0
1303,469,1
1304,469,9
1305,470,3
1306,470,9
1307,471,0
1308,471,11
1309,471,3
1310,471,1
1311,471,9
1312,472,8
1313,472,1
1314,472,9
1315,474,8
1316,474,1
1317,474,9
1318,475,0
1319,475,8
1320,475,3
1321,475,9
1322,476,6
1323,476,8
1324,476,11
1325,476,7
1326,476,3
1327,476,9
1328,478,0
1329,478,11
1330,478,3
1331,478,9
1332,479,0
1333,479,3
1334,479,4
1335,479,1
1336,479,9
1337,480,0
1338,480,11
1339,480,3
1340,480,9
1341,481,1
1342,481,9
1343,482,0
1344,482,3
1345,482,1
1346,482,9
1347,483,0
1348,483,11
1349,483,3
1350,483,1
1351,483,9
1352,485,0
1353,485,11
1354,485,9
1355,486,9
1356,487,0
1357,487,9
1358,488,9
1359,489,0
1360,489,6
1361,489,9
1362,490,11
1363,490,7
1364,490,3
1365,490,9
1366,491,0
1367,491,3
1368,491,1
1369,491,9
1370,492,1
1371,492,9
1372,493,9
1373,494,9
1374,495,9
1375,496,11
1376,496,3
1377,496,9
1378,498,0
1379,498,9
1380,499,0
1381,499,11
1382,499,3
1383,499,9
1384,500,0
1385,500,11
1386,500,3
1387,500,1
1388,500,9
1389,501,8
1390,501,3
1391,501,9
1392,502,0
1393,502,11
1394,502,9
1395,503,8
1396,503,9
1397,504,0
1398,504,11
1399,504,9
1400,505,0
1401,505,1
1402,505,9
1403,506,0
1404,506,9
1405,507,0
1406,507,1
1407,507,9
1408,508,0
1409,508,3
1410,508,9
1411,509,3
1412,509,9
1413,510,0
1414,510,1
1415,510,9
1416,511,0
1417,511,8
1418,511,9
1419,512,3
1420,512,9
1421,513,6
1422,513,11
1423,513,9
1424,514,0
1425,514,3
1426,514,9
1427,515,0
1428,515,4
1429,515,9
1430,516,0
1431,516,9
1432,517,0
1433,517,11
1434,517,3
1435,517,1
1436,517,9
1437,518,9
1438,519,0
1439,519,3
1440,519,9
1441,520,8
1442,520,3
1443,520,1
1444,520,9
1445,521,0
1446,521,11
1447,521,3
1448,521,9
1449,522,0
1450,522,1
1451,522,9
1452,523,0
1453,523,11
1454,523,1
1455,523,9
1456,525,3
1457,525,1
1458,525,9
1459,526,8
1460,526,11
1461,526,3
1462,526,9
1463,527,8
1464,527,3
1465,527,9
1466,528,7
1467,528,3
1468,528,1
1469,528,9
1470,529,0
1471,529,8
1472,529,3
1473,529,9
1474,530,3
1475,530,9
1476,531,3
1477,531,1
1478,531,9
1479,532,9
1480,533,9
1481,534,3
1482,534,9
1483,535,0
1484,535,9
1485,536,0
1486,536,3
1487,536,9
1488,538,8
1489,538,1
1490,538,9
1491,539,9
1492,540,9
1493,542,0
1494,542,9
1495,543,0
1496,543,9
1497,544,0
1498,544,8
1499,544,9
1500,545,0
1501,545,9
1502,546,1
1503,546,9
1504,547,0
1505,547,6
1506,547,4
1507,547,9
1508,548,8
1509,548,1
1510,548,9
1511,549,0
1512,549,9
1513,550,9
1514,551,7
1515,551,3
1516,551,4
1517,551,9
1518,552,0
1519,552,9
1520,553,8
1521,553,9
1522,554,0
1523,554,4
1524,554,9
1525,555,1
1526,555,9
1527,556,0
1528,556,3
1529,556,1
1530,556,9
1531,557,0
1532,557,9
1533,558,0
1534,558,3
1535,558,1
1536,558,9
1537,560,3
1538,560,9
1539,561,0
1540,561,11
1541,561,9
1542,562,0
1543,562,9
1544,563,1
1545,563,9
1546,564,3
1547,564,1
1548,564,9
1549,565,0
1550,565,6
1551,565,8
1552,565,4
1553,565,9
1554,566,4
1555,566,9
1556,567,9
1557,568,6
1558,568,1
1559,568,9
1560,569,9
1561,570,9
1562,571,0
1563,571,9
1564,572,4
1565,572,9
1566,573,8
1567,573,11
1568,573,7
1569,573,3
1570,573,9
1571,574,9
1572,575,0
1573,575,6
1574,575,8
1575,575,4
1576,575,9
1577,576,0
1578,576,1
1579,576,9
1580,577,1
1581,577,9
1582,578,0
1583,578,3
1584,578,9
1585,579,4
1586,579,1
1587,579,9
1588,580,4
1589,580,9
1590,581,1
1591,581,9
1592,582,9
1593,583,0
1594,583,4
1595,583,9
1596,584,0
1597,584,1
1598,584,9
1599,585,9
1600,586,9
1601,587,4
1602,587,1
1603,587,9
1604,588,3
1605,588,1
1606,588,9
1607,589,11
1608,589,7
1609,589,3
1610,589,1
1611,589,9
1612,590,11
1613,590,9
1614,591,3
1615,591,9
1616,592,4
1617,592,1
1618,592,9
1619,593,0
1620,593,9
1621,594,0
1622,594,4
1623,594,9
1624,595,4
1625,595,9
1626,596,0
1627,596,3
1628,596,9
1629,597,0
1630,597,1
1631,597,9
1632,598,11
1633,598,7
1634,598,9
1635,599,4
1636,599,1
1637,599,9
1638,600,0
1639,600,1
1640,600,9
1641,601,0
1642,601,8
1643,601,9
1644,602,9
1645,603,0
1646,603,4
1647,603,2
1648,603,9
1649,604,0
1650,604,3
1651,604,9
1652,605,1
1653,605,9
1654,606,1
1655,606,9
1656,608,11
1657,608,7
1658,608,9
1659,610,9
1660,611,0
1661,611,3
1662,611,9
1663,612,9
1664,614,9
1665,615,0
1666,615,9
1667,616,0
1668,616,11
1669,616,9
1670,618,0
1671,618,9
1672,619,9
1673,620,9
1674,621,0
1675,621,9
1676,622,0
1677,622,8
1678,622,3
1679,622,9
1680,623,0
1681,623,9
1682,624,0
1683,624,3
1684,624,9
1685,625,1
1686,625,9
1687,626,11
1688,626,9
1689,627,0
1690,627,3
1691,627,9
1692,629,0
1693,629,1
1694,629,9
1695,630,9
1696,631,9
1697,632,9
1698,633,9
1699,634,0
1700,634,4
1701,634,9
1702,635,9
1703,636,9
1704,637,9
1705,638,0
1706,638,3
1707,638,4
1708,638,9
1709,641,4
1710,641,9
1711,642,0
1712,642,3
1713,642,9
1714,643,9
1715,644,0
1716,644,9
1717,645,11
1718,645,7
1719,645,4
1720,645,9
1721,646,4
1722,646,9
1723,647,0
1724,647,3
1725,647,9
1726,648,8
1727,648,9
1728,649,0
1729,649,9
1730,650,4
1731,650,2
1732,650,9
1733,651,3
1734,651,9
1735,652,4
1736,652,9
1737,653,4
1738,653,9
1739,654,0
1740,654,8
1741,654,4
1742,654,9
1743,655,4
1744,655,1
1745,655,9
1746,656,0
1747,656,4
1748,656,9
1749,657,9
1750,658,7
1751,658,4
1752,658,9
1753,659,0
1754,659,4
1755,659,9
1756,660,9
1757,661,0
1758,661,9
1759,662,11
1760,662,7
1761,662,9
1762,663,0
1763,663,8
1764,663,4
1765,663,2
1766,663,9
1767,664,9
1768,665,3
1769,665,1
1770,665,9
1771,666,0
1772,666,9
1773,667,0
1774,667,9
1775,668,9
1776,669,0
1777,669,8
1778,669,3
1779,669,1
1780,669,9
1781,670,9
1782,671,0
1783,671,4
1784,671,2
1785,671,9
1786,673,9
1787,674,9
1788,675,0
1789,675,9
1790,676,3
1791,676,9
1792,678,11
1793,678,4
1794,678,9
1795,679,4
1796,679,9
1797,680,8
1798,680,1
1799,680,9
1800,681,9
1801,682,8
1802,682,4
1803,682,9
1804,683,11
1805,683,4
1806,683,1
1807,683,9
1808,684,0
1809,684,9
1810,685,0
1811,685,4
1812,685,9
1813,686,0
1814,686,4
1815,686,9
1816,687,11
1817,687,7
1818,687,4
1819,687,9
1820,688,0
1821,688,4
1822,688,9
1823,689,1
1824,689,9
1825,690,0
1826,690,3
1827,690,4
1828,690,2
1829,690,9
1830,691,8
1831,691,4
1832,691,2
1833,691,9
1834,692,3
1835,692,4
1836,692,1
1837,692,9
1838,693,4
1839,693,9
1840,694,1
1841,694,9
1842,695,0
1843,695,4
1844,695,1
1845,695,9
1846,696,0
1847,696,4
1848,696,9
1849,697,6
1850,697,8
1851,697,7
1852,697,4
1853,697,1
1854,697,9
1855,698,0
1856,698,11
1857,698,3
1858,698,4
1859,698,2
1860,698,1
1861,698,9
1862,699,4
1863,699,1
1864,699,9
1865,700,0
1866,700,8
1867,700,11
1868,700,7
1869,700,3
1870,700,4
1871,700,9
1872,701,11
1873,701,7
1874,701,4
1875,701,1
1876,701,9
1877,702,0
1878,702,4
1879,702,1
1880,702,9
1881,703,4
1882,703,1
1883,703,9
1884,704,4
1885,704,1
1886,704,9
1887,705,0
1888,705,8
1889,705,4
1890,705,1
1891,705,9
1892,706,0
1893,706,9
1894,707,0
1895,707,4
1896,707,1
1897,707,9
1898,708,4
1899,708,9
1900,709,0
1901,709,11
1902,709,7
1903,709,3
1904,709,4
1905,709,1
1906,709,9
1907,710,0
1908,710,9
1909,711,8
1910,711,7
1911,711,4
1912,711,9
1913,712,0
1914,712,3
1915,712,4
1916,712,9
1917,713,0
1918,713,11
1919,713,9
1920,714,9
1921,715,0
1922,715,4
1923,715,9
1924,716,3
1925,716,4
1926,716,9
1927,717,0
1928,717,9
1929,718,9
1930,719,4
1931,719,9
1932,720,0
1933,720,4
1934,720,9
1935,721,6
1936,721,11
1937,721,7
1938,721,4
1939,721,9
1940,722,0
1941,722,8
1942,722,5
1943,722,3
1944,722,4
1945,722,9
1946,723,0
1947,723,3
1948,723,4
1949,723,9
1950,724,0
1951,724,4
1952,724,9
1953,725,4
1954,725,9
1955,726,9
1956,727,0
1957,727,11
1958,727,7
1959,727,3
1960,727,4
1961,727,9
1962,728,4
1963,728,9
1964,729,0
1965,729,11
1966,729,4
1967,729,9
1968,730,0
1969,730,11
1970,730,4
1971,730,9
1972,731,9
1973,732,3
1974,732,9
1975,733,0
1976,733,11
1977,733,4
1978,733,9
1979,734,7
1980,734,9
1981,735,3
1982,735,4
1983,735,9
1984,736,4
1985,736,9
1986,737,0
1987,737,11
1988,737,4
1989,737,1
1990,737,9
1991,738,4
1992,738,9
1993,739,0
1994,739,7
1995,739,4
1996,739,9
1997,740,9
1998,741,4
1999,741,9
2000,742,0
2001,742,4
2002,742,9
2003,743,8
2004,743,3
2005,743,4
2006,743,9
2007,744,6
2008,744,4
2009,744,9
2010,745,9
2011,746,0
2012,746,4
2013,746,9
2014,747,0
2015,747,7
2016,747,4
2017,747,9
2018,748,4
2019,748,9
2020,750,1
2021,750,9
2022,751,0
2023,751,6
2024,751,7
2025,751,3
2026,751,4
2027,751,9
2028,752,8
2029,752,9
2030,753,0
2031,753,6
2032,753,4
2033,753,9
2034,754,0
2035,754,4
2036,754,9
2037,755,0
2038,755,7
2039,755,4
2040,755,1
2041,755,9
2042,756,0
2043,756,3
2044,756,4
2045,756,9
2046,757,11
2047,757,4
2048,757,1
2049,757,9
2050,758,6
2051,758,7
2052,758,4
2053,758,1
2054,758,9
2055,759,0
2056,759,6
2057,759,4
2058,759,9
2059,760,11
2060,760,7
2061,760,4
2062,760,9
2063,761,4
2064,761,1
2065,761,9
2066,762,0
2067,762,11
2068,762,9
2069,763,6
2070,763,4
2071,763,9
2072,764,11
2073,764,3
2074,764,4
2075,764,9
2076,765,4
2077,765,9
2078,766,9
2079,767,0
2080,767,6
2081,767,11
2082,767,7
2083,767,3
2084,767,4
2085,767,2
2086,767,9
2087,768,0
2088,768,6
2089,768,4
2090,768,9
2091,769,11
2092,769,3
2093,769,9
2094,770,9
2095,771,9
2096,772,4
2097,772,1
2098,772,9
2099,773,11
2100,773,7
2101,773,3
2102,773,4
2103,773,9
2104,774,9
2105,775,8
2106,775,4
2107,775,9
2108,776,0
2109,776,4
2110,776,1
2111,776,9
2112,777,11
2113,777,9
2114,778,0
2115,778,8
2116,778,9
2117,779,0
2118,779,4
2119,779,9
2120,780,0
2121,780,1
2122,780,9
2123,781,11
2124,781,7
2125,781,4
2126,781,9
2127,782,11
2128,782,3
2129,782,9
2130,783,11
2131,783,7
2132,783,9
2133,784,11
2134,784,3
2135,784,4
2136,784,9
2137,785,0
2138,785,11
2139,785,7
2140,785,3
2141,785,9
2142,786,8
2143,786,9
2144,787,11
2145,787,3
2146,787,9
2147,788,8
2148,788,1
2149,788,9
2150,789,9
2151,790,9
2152,791,0
2153,791,11
2154,791,7
2155,791,1
2156,791,9
2157,792,9
2158,793,0
2159,793,11
2160,793,9
2161,794,9
2162,795,0
2163,795,4
2164,795,1
2165,795,9
2166,796,0
2167,796,4
2168,796,1
2169,796,9
2170,797,0
2171,797,4
2172,797,1
2173,797,9
2174,798,0
2175,798,4
2176,798,1
2177,798,9
2178,799,9
2179,800,0
2180,800,1
2181,800,9
2182,801,0
2183,801,4
2184,801,1
2185,801,9
2186,802,11
2187,802,7
2188,802,4
2189,802,9
2190,803,0
2191,803,7
2192,803,4
2193,803,9
2194,804,11
2195,804,7
2196,804,1
2197,804,9
2198,805,8
2199,805,9
2200,806,0
2201,806,11
2202,806,7
2203,806,4
2204,806,9
2205,807,9
2206,808,0
2207,808,11
2208,808,9
2209,809,0
2210,809,11
2211,809,9
2212,810,0
2213,810,4
2214,810,9
2215,811,1
2216,811,9
2217,812,0
2218,812,11
2219,812,4
2220,812,9
2221,813,1
2222,813,9
2223,814,1
2224,814,9
2225,815,0
2226,815,11
2227,815,3
2228,815,4
2229,815,9
2230,816,11
2231,816,7
2232,816,9
2233,817,11
2234,817,7
2235,817,2
2236,817,9
2237,818,9
2238,819,0
2239,819,11
2240,819,4
2241,819,9
2242,820,1
2243,820,9
2244,821,4
2245,821,9
2246,822,11
2247,822,7
2248,822,9
2249,823,11
2250,823,7
2251,823,4
2252,823,9
2253,824,11
2254,824,7
2255,824,9
2256,825,1
2257,825,9
2258,826,1
2259,826,9
2260,827,0
2261,827,11
2262,827,7
2263,827,4
2264,827,9
2265,828,9
2266,829,0
2267,829,11
2268,829,7
2269,829,3
2270,829,9
2271,830,0
2272,830,9
2273,831,9
2274,832,4
2275,832,9
2276,833,1
2277,833,9
2278,834,0
2279,834,6
2280,834,11
2281,834,4
2282,834,9
2283,835,4
2284,835,1
2285,835,9
2286,836,0
2287,836,11
2288,836,7
2289,836,9
2290,837,0
2291,837,4
2292,837,9
2293,838,8
2294,838,1
2295,838,9
2296,839,0
2297,839,8
2298,839,7
2299,839,2
2300,839,9
2301,840,11
2302,840,9
2303,841,11
2304,841,9
2305,842,11
2306,842,3
2307,842,4
2308,842,9
2309,843,11
2310,843,7
2311,843,4
2312,843,9
2313,844,0
2314,844,4
2315,844,1
2316,844,9
2317,845,0
2318,845,3
2319,845,9
2320,846,7
2321,846,1
2322,846,9
2323,847,0
2324,847,4
2325,847,9
2326,848,7
2327,848,1
2328,848,9
2329,849,0
2330,849,4
2331,849,9
2332,850,11
2333,850,3
2334,850,4
2335,850,9
2336,851,11
2337,851,7
2338,851,4
2339,851,1
2340,851,9
2341,852,0
2342,852,4
2343,852,9
2344,853,4
2345,853,1
2346,853,9
2347,854,9
2348,855,0
2349,855,4
2350,855,9
2351,856,4
2352,856,9
2353,857,4
2354,857,1
2355,857,9
2356,858,0
2357,858,7
2358,858,9
2359,859,6
2360,859,11
2361,859,7
2362,859,4
2363,859,9
2364,860,4
2365,860,9
2366,861,7
2367,861,4
2368,861,9
2369,862,6
2370,862,11
2371,862,7
2372,862,3
2373,862,2
2374,862,9
2375,863,0
2376,863,11
2377,863,4
2378,863,9
2379,864,4
2380,864,2
2381,864,9
2382,865,0
2383,865,11
2384,865,7
2385,865,1
2386,865,9
2387,866,8
2388,866,4
2389,866,2
2390,866,9
2391,867,0
2392,867,11
2393,867,4
2394,867,9
2395,868,0
2396,868,11
2397,868,3
2398,868,4
2399,868,9
2400,869,0
2401,869,11
2402,869,9
2403,870,0
2404,870,11
2405,870,7
2406,870,4
2407,870,9
2408,871,0
2409,871,9
2410,872,4
2411,872,9
2412,873,4
2413,873,9
2414,874,0
2415,874,11
2416,874,7
2417,874,4
2418,874,1
2419,874,9
2420,875,7
2421,875,9
2422,876,0
2423,876,2
2424,876,9
2425,877,0
2426,877,6
2427,877,4
2428,877,1
2429,877,9
2430,878,9
2431,879,0
2432,879,8
2433,879,1
2434,879,9
2435,880,1
2436,880,9
2437,881,8
2438,881,3
2439,881,2
2440,881,9
2441,882,4
2442,882,9
2443,883,0
2444,883,9
2445,884,8
2446,884,11
2447,884,7
2448,884,4
2449,884,9
2450,885,0
2451,885,11
2452,885,7
2453,885,3
2454,885,4
2455,885,2
2456,885,9
2457,886,11
2458,886,7
2459,886,4
2460,886,9
2461,887,0
2462,887,8
2463,887,3
2464,887,1
2465,887,9
2466,888,11
2467,888,3
2468,888,9
2469,889,11
2470,889,3
2471,889,4
2472,889,9
2473,890,0
2474,890,11
2475,890,3
2476,890,4
2477,890,9
2478,891,0
2479,891,8
2480,891,4
2481,891,9
2482,892,9
2483,893,0
2484,893,4
2485,893,9
2486,894,4
2487,894,1
2488,894,9
2489,895,0
2490,895,8
2491,895,4
2492,895,9
2493,896,9
2494,897,9
2495,898,4
2496,898,9
2497,899,0
2498,899,11
2499,899,7
2500,899,1
2501,899,9
2502,900,3
2503,900,4
2504,900,2
2505,900,1
2506,900,9
2507,901,0
2508,901,6
2509,901,8
2510,901,11
2511,901,4
2512,901,9
2513,902,8
2514,902,4
2515,902,9
2516,903,4
2517,903,9
2518,904,0
2519,904,6
2520,904,11
2521,904,3
2522,904,4
2523,904,2
2524,904,9
2525,905,1
2526,905,9
2527,906,0
2528,906,9
2529,907,0
2530,907,6
2531,907,11
2532,907,7
2533,907,4
2534,907,1
2535,907,9
2536,908,0
2537,908,11
2538,908,7
2539,908,1
2540,908,9
2541,909,0
2542,909,6
2543,909,8
2544,909,11
2545,909,3
2546,909,4
2547,909,2
2548,909,9
2549,910,0
2550,910,11
2551,910,7
2552,910,4
2553,910,9
2554,911,0
2555,911,11
2556,911,4
2557,911,9
2558,912,0
2559,912,4
2560,912,1
2561,912,9
2562,913,4
2563,913,9
2564,914,0
2565,914,11
2566,914,3
2567,914,4
2568,914,9
2569,915,11
2570,915,4
2571,915,9
2572,916,9
2573,917,7
2574,917,4
2575,917,9
2576,918,0
2577,918,11
2578,918,3
2579,918,9
2580,919,0
2581,919,11
2582,919,9
2583,920,0
2584,920,8
2585,920,9
2586,921,8
2587,921,11
2588,921,7
2589,921,3
2590,921,4
2591,921,2
2592,921,9
2593,922,0
2594,922,1
2595,922,9
2596,924,0
2597,924,11
2598,924,3
2599,924,4
2600,924,2
2601,924,9
2602,925,8
2603,925,11
2604,925,4
2605,925,9
2606,926,0
2607,926,11
2608,926,9
2609,927,0
2610,927,11
2611,927,3
2612,927,4
2613,927,9
2614,928,11
2615,928,3
2616,928,4
2617,928,9
2618,929,11
2619,929,7
2620,929,4
2621,929,9
2622,930,8
2623,930,11
2624,930,7
2625,930,4
2626,930,9
2627,931,0
2628,931,9
2629,932,9
2630,933,0
2631,933,7
2632,933,9
2633,934,9
2634,935,6
2635,935,7
2636,935,3
2637,935,4
2638,935,9
2639,936,9
2640,937,0
2641,937,4
2642,937,1
2643,937,9
2644,938,9
2645,939,8
2646,939,9
2647,940,8
2648,940,7
2649,940,4
2650,940,9
2651,941,0
2652,941,11
2653,941,7
2654,941,1
2655,941,9
2656,942,4
2657,942,9
2658,943,4
2659,943,9
2660,944,6
2661,944,8
2662,944,4
2663,944,1
2664,944,9
2665,945,0
2666,945,9
2667,946,0
2668,946,1
2669,946,9
2670,947,4
2671,947,1
2672,947,9
2673,948,8
2674,948,9
2675,949,0
2676,949,11
2677,949,7
2678,949,4
2679,949,1
2680,949,9
2681,950,0
2682,950,1
2683,950,9
2684,951,0
2685,951,4
2686,951,1
2687,951,9
2688,952,0
2689,952,11
2690,952,4
2691,952,9
2692,953,8
2693,953,1
2694,953,9
2695,954,0
2696,954,11
2697,954,7
2698,954,4
2699,954,9
2700,955,0
2701,955,7
2702,955,4
2703,955,9
2704,956,0
2705,956,6
2706,956,4
2707,956,9
2708,957,1
2709,957,9
2710,958,0
2711,958,9
2712,959,6
2713,959,11
2714,959,7
2715,959,4
2716,959,1
2717,959,9
2718,960,0
2719,960,1
2720,960,9
2721,961,0
2722,961,9
2723,962,0
2724,962,1
2725,962,9
2726,963,1
2727,963,9
2728,964,7
2729,964,9
2730,965,0
2731,965,6
2732,965,11
2733,965,4
2734,965,9
2735,966,1
2736,966,9
2737,967,0
2738,967,8
2739,967,4
2740,967,9
2741,968,8
2742,968,9
2743,969,0
2744,969,6
2745,969,11
2746,969,4
2747,969,9
2748,970,0
2749,970,8
2750,970,7
2751,970,2
2752,970,9
2753,971,0
2754,971,6
2755,971,11
2756,971,4
2757,971,2
2758,971,9
2759,972,8
2760,972,9
2761,973,0
2762,973,8
2763,973,11
2764,973,3
2765,973,4
2766,973,9
2767,974,0
2768,974,2
2769,974,9
2770,975,0
2771,975,8
2772,975,9
2773,976,6
2774,976,8
2775,976,11
2776,976,7
2777,976,4
2778,976,9
2779,977,0
2780,977,6
2781,977,9
2782,978,0
2783,978,6
2784,978,8
2785,978,11
2786,978,7
2787,978,4
2788,978,9
2789,979,9
2790,980,0
2791,980,6
2792,980,4
2793,980,9
2794,981,9
2795,982,0
2796,982,6
2797,982,8
2798,982,11
2799,982,3
2800,982,4
2801,982,9
2802,983,0
2803,983,8
2804,983,11
2805,983,4
2806,983,9
2807,984,0
2808,984,6
2809,984,11
2810,984,4
2811,984,9
2812,985,4
2813,985,1
2814,985,9
2815,986,9
2816,987,0
2817,987,8
2818,987,4
2819,987,9
2820,988,9
2821,989,9
2822,990,0
2823,990,6
2824,990,8
2825,990,11
2826,990,7
2827,990,4
2828,990,9
2829,991,8
2830,991,4
2831,991,1
2832,991,9
2833,992,0
2834,992,8
2835,992,2
2836,992,9
2837,993,0
2838,993,11
2839,993,3
2840,993,4
2841,993,2
2842,993,9
2843,994,0
2844,994,6
2845,994,4
2846,994,9
2847,995,5
2848,995,7
2849,995,2
2850,995,9
2851,996,4
2852,996,9
2853,997,0
2854,997,6
2855,997,7
2856,997,4
2857,997,9
2858,998,11
2859,998,7
2860,998,4
2861,998,9
2862,999,6
2863,999,3
2864,999,2
2865,999,1
2866,999,9
2867,1000,9
2868,1001,8
2869,1001,1
2870,1001,9
2871,1002,1
2872,1002,9
2873,1004,9
2874,1005,3
2875,1005,9
2876,1006,0
2877,1006,6
2878,1006,11
2879,1006,3
2880,1006,4
2881,1006,9
2882,1007,6
2883,1007,11
2884,1007,3
2885,1007,4
2886,1007,9
2887,1008,6
2888,1008,11
2889,1008,3
2890,1008,4
2891,1008,9
2892,1009,4
2893,1009,9
2894,1010,8
2895,1010,3
2896,1010,4
2897,1010,9
2898,1011,0
2899,1011,6
2900,1011,8
2901,1011,11
2902,1011,4
2903,1011,9
2904,1012,0
2905,1012,11
2906,1012,9
2907,1013,1
2908,1013,9
2909,1014,0
2910,1014,4
2911,1014,9
2912,1015,6
2913,1015,11
2914,1015,7
2915,1015,4
2916,1015,1
2917,1015,9
2918,1016,4
2919,1016,1
2920,1016,9
2921,1017,8
2922,1017,4
2923,1017,9
2924,1018,0
2925,1018,6
2926,1018,4
2927,1018,9
2928,1019,0
2929,1019,8
2930,1019,4
2931,1019,1
2932,1019,9
2933,1020,0
2934,1020,6
2935,1020,11
2936,1020,4
2937,1020,1
2938,1020,9
2939,1021,11
2940,1021,7
2941,1021,4
2942,1021,9
2943,1022,0
2944,1022,7
2945,1022,9
2946,1023,0
2947,1023,8
2948,1023,4
2949,1023,9
2950,1024,0
2951,1024,6
2952,1024,8
2953,1024,11
2954,1024,4
2955,1024,9
2956,1025,0
2957,1025,6
2958,1025,11
2959,1025,7
2960,1025,4
2961,1025,9
2962,1026,9
2963,1027,11
2964,1027,7
2965,1027,9
2966,1028,0
2967,1028,8
2968,1028,11
2969,1028,9
2970,1029,0
2971,1029,6
2972,1029,11
2973,1029,3
2974,1029,9
2975,1030,8
2976,1030,11
2977,1030,3
2978,1030,9
2979,1031,4
2980,1031,1
2981,1031,9
2982,1032,0
2983,1032,11
2984,1032,4
2985,1032,9
2986,1033,6
2987,1033,11
2988,1033,7
2989,1033,4
2990,1033,2
2991,1033,1
2992,1033,9
2993,1034,0
2994,1034,8
2995,1034,11
2996,1034,7
2997,1034,3
2998,1034,9
2999,1035,8
3000,1035,11
3001,1035,3
3002,1035,4
3003,1035,2
3004,1035,9
3005,1036,1
3006,1036,9
3007,1037,0
3008,1037,6
3009,1037,11
3010,1037,3
3011,1037,4
3012,1037,2
3013,1037,9
3014,1038,0
3015,1038,8
3016,1038,1
3017,1038,9
3018,1039,0
3019,1039,8
3020,1039,11
3021,1039,7
3022,1039,4
3023,1039,2
3024,1039,9
3025,1040,6
3026,1040,8
3027,1040,11
3028,1040,7
3029,1040,3
3030,1040,4
3031,1040,9
3032,1041,0
3033,1041,11
3034,1041,3
3035,1041,4
3036,1041,2
3037,1041,9
3038,1042,11
3039,1042,4
3040,1042,9
3041,1043,0
3042,1043,4
3043,1043,9
3044,1044,6
3045,1044,4
3046,1044,9
3047,1045,11
3048,1045,4
3049,1045,2
3050,1045,9
3051,1047,4
3052,1047,9
3053,1048,9
3054,1049,6
3055,1049,7
3056,1049,3
3057,1049,4
3058,1049,1
3059,1049,9
3060,1050,0
3061,1050,6
3062,1050,11
3063,1050,7
3064,1050,9
3065,1051,0
3066,1051,11
3067,1051,4
3068,1051,9
3069,1052,7
3070,1052,9
3071,1053,0
3072,1053,6
3073,1053,11
3074,1053,4
3075,1053,2
3076,1053,9
3077,1054,0
3078,1054,6
3079,1054,8
3080,1054,11
3081,1054,4
3082,1054,2
3083,1054,9
3084,1055,0
3085,1055,11
3086,1055,7
3087,1055,4
3088,1055,9
3089,1056,0
3090,1056,4
3091,1056,2
3092,1056,9
3093,1057,0
3094,1057,8
3095,1057,11
3096,1057,9
3097,1058,6
3098,1058,8
3099,1058,11
3100,1058,3
3101,1058,4
3102,1058,2
3103,1058,9
3104,1059,6
3105,1059,11
3106,1059,7
3107,1059,3
3108,1059,4
3109,1059,2
3110,1059,9
3111,1060,6
3112,1060,11
3113,1060,7
3114,1060,4
3115,1060,1
3116,1060,9
3117,1061,9
3118,1062,0
3119,1062,3
3120,1062,2
3121,1062,9
3122,1063,11
3123,1063,7
3124,1063,4
3125,1063,9
3126,1064,11
3127,1064,7
3128,1064,4
3129,1064,9
3130,1065,0
3131,1065,6
3132,1065,11
3133,1065,4
3134,1065,9
3135,1066,0
3136,1066,8
3137,1066,3
3138,1066,4
3139,1066,9
3140,1067,4
3141,1067,2
3142,1067,1
3143,1067,9
3144,1068,0
3145,1068,6
3146,1068,8
3147,1068,11
3148,1068,5
3149,1068,7
3150,1068,4
3151,1068,2
3152,1068,1
3153,1068,9
3154,1069,4
3155,1069,1
3156,1069,9
3157,1070,0
3158,1070,4
3159,1070,9
3160,1071,0
3161,1071,6
3162,1071,11
3163,1071,4
3164,1071,9
3165,1072,0
3166,1072,8
3167,1072,11
3168,1072,3
3169,1072,4
3170,1072,2
3171,1072,1
3172,1072,9
3173,1073,0
3174,1073,8
3175,1073,11
3176,1073,7
3177,1073,3
3178,1073,4
3179,1073,2
3180,1073,9
3181,1074,0
3182,1074,11
3183,1074,9
3184,1075,0
3185,1075,11
3186,1075,4
3187,1075,1
3188,1075,9
3189,1076,11
3190,1076,4
3191,1076,9
3192,1077,0
3193,1077,4
3194,1077,9
3195,1078,4
3196,1078,9
3197,1079,8
3198,1079,4
3199,1079,9
3200,1080,0
3201,1080,6
3202,1080,11
3203,1080,4
3204,1080,9
3205,1081,11
3206,1081,4
3207,1081,9
3208,1082,0
3209,1082,11
3210,1082,3
3211,1082,2
3212,1082,9
3213,1083,0
3214,1083,11
3215,1083,7
3216,1083,9
3217,1084,11
3218,1084,4
3219,1084,1
3220,1084,9
3221,1085,6
3222,1085,8
3223,1085,11
3224,1085,4
3225,1085,9
3226,1086,0
3227,1086,9
3228,1087,11
3229,1087,4
3230,1087,9
3231,1088,0
3232,1088,6
3233,1088,11
3234,1088,3
3235,1088,9
3236,1089,0
3237,1089,4
3238,1089,9
3239,1090,4
3240,1090,9
3241,1091,11
3242,1091,9
3243,1092,0
3244,1092,11
3245,1092,4
3246,1092,9
3247,1093,0
3248,1093,11
3249,1093,4
3250,1093,2
3251,1093,1
3252,1093,9
3253,1094,0
3254,1094,8
3255,1094,9
3256,1095,9
3257,1096,4
3258,1096,9
3259,1097,0
3260,1097,11
3261,1097,9
3262,1098,0
3263,1098,8
3264,1098,11
3265,1098,3
3266,1098,4
3267,1098,9
3268,1099,4
3269,1099,9
3270,1100,0
3271,1100,11
3272,1100,7
3273,1100,4
3274,1100,9
3275,1101,0
3276,1101,11
3277,1101,9
3278,1102,0
3279,1102,4
3280,1102,1
3281,1102,9
3282,1103,0
3283,1103,4
3284,1103,9
3285,1104,0
3286,1104,6
3287,1104,11
3288,1104,7
3289,1104,4
3290,1104,1
3291,1104,9
3292,1105,0
3293,1105,11
3294,1105,4
3295,1105,9
3296,1106,5
3297,1106,7
3298,1106,1
3299,1106,9
3300,1107,0
3301,1107,11
3302,1107,4
3303,1107,9
3304,1108,11
3305,1108,4
3306,1108,9
3307,1109,0
3308,1109,8
3309,1109,11
3310,1109,3
3311,1109,4
3312,1109,1
3313,1109,9
3314,1110,0
3315,1110,11
3316,1110,7
3317,1110,3
3318,1110,4
3319,1110,9
3320,1111,9
3321,1112,8
3322,1112,11
3323,1112,9
3324,1113,0
3325,1113,11
3326,1113,3
3327,1113,4
3328,1113,9
3329,1114,0
3330,1114,11
3331,1114,4
3332,1114,9
3333,1115,11
3334,1115,9
3335,1116,0
3336,1116,8
3337,1116,11
3338,1116,7
3339,1116,4
3340,1116,1
3341,1116,9
3342,1117,0
3343,1117,11
3344,1117,9
3345,1118,0
3346,1118,11
3347,1118,3
3348,1118,9
3349,1119,0
3350,1119,4
3351,1119,1
3352,1119,9
3353,1120,11
3354,1120,9
3355,1121,4
3356,1121,9
3357,1122,0
3358,1122,11
3359,1122,4
3360,1122,9
3361,1123,0
3362,1123,8
3363,1123,11
3364,1123,9
3365,1124,0
3366,1124,4
3367,1124,9
3368,1125,11
3369,1125,9
3370,1126,0
3371,1126,6
3372,1126,4
3373,1126,9
3374,1127,0
3375,1127,11
3376,1127,2
3377,1127,9
3378,1128,0
3379,1128,11
3380,1128,3
3381,1128,4
3382,1128,9
3383,1129,6
3384,1129,4
3385,1129,9
3386,1130,0
3387,1130,11
3388,1130,9
3389,1131,0
3390,1131,11
3391,1131,3
3392,1131,9
3393,1131,10
3394,1132,0
3395,1132,11
3396,1132,9
3397,1133,6
3398,1133,2
3399,1133,9
3400,1134,0
3401,1134,11
3402,1134,4
3403,1134,2
3404,1134,9
3405,1134,10
3406,1135,0
3407,1135,6
3408,1135,4
3409,1135,9
3410,1136,0
3411,1136,11
3412,1136,9
3413,1137,0
3414,1137,4
3415,1137,9
3416,1138,11
3417,1138,4
3418,1138,1
3419,1138,9
3420,1139,4
3421,1139,9
3422,1140,9
3423,1141,4
3424,1141,9
3425,1142,11
3426,1142,4
3427,1142,9
3428,1143,0
3429,1143,6
3430,1143,11
3431,1143,7
3432,1143,4
3433,1143,1
3434,1143,9
3435,1144,0
3436,1144,8
3437,1144,4
3438,1144,9
3439,1145,0
3440,1145,11
3441,1145,9
3442,1146,0
3443,1146,11
3444,1146,9
3445,1147,0
3446,1147,11
3447,1147,4
3448,1147,9
3449,1148,0
3450,1148,4
3451,1148,9
3452,1149,8
3453,1149,9
3454,1150,0
3455,1150,11
3456,1150,9
3457,1151,11
3458,1151,4
3459,1151,1
3460,1151,9
3461,1152,11
3462,1152,9
3463,1153,11
3464,1153,9
3465,1154,0
3466,1154,4
3467,1154,9
3468,1155,0
3469,1155,9
3470,1156,0
3471,1156,11
3472,1156,3
3473,1156,2
3474,1156,9
3475,1157,9
3476,1158,4
3477,1158,9
3478,1159,0
3479,1159,8
3480,1159,11
3481,1159,4
3482,1159,9
3483,1159,10
3484,1160,0
3485,1160,6
3486,1160,11
3487,1160,7
3488,1160,4
3489,1160,9
3490,1161,0
3491,1161,11
3492,1161,4
3493,1161,9
3494,1162,8
3495,1162,4
3496,1162,9
3497,1163,0
3498,1163,3
3499,1163,4
3500,1163,9
3501,1163,10
3502,1164,0
3503,1164,1
3504,1164,9
3505,1165,9
3506,1166,9
3507,1167,0
3508,1167,4
3509,1167,9
3510,1168,0
3511,1168,6
3512,1168,11
3513,1168,4
3514,1168,9
3515,1169,0
3516,1169,6
3517,1169,8
3518,1169,11
3519,1169,4
3520,1169,9
3521,1170,9
3522,1171,0
3523,1171,1
3524,1171,9
3525,1172,8
3526,1172,9
3527,1174,0
3528,1174,11
3529,1174,3
3530,1174,4
3531,1174,1
3532,1174,9
3533,1175,0
3534,1175,9
3535,1176,0
3536,1176,9
3537,1177,0
3538,1177,9
3539,1178,0
3540,1178,11
3541,1178,4
3542,1178,1
3543,1178,9
3544,1179,0
3545,1179,9
3546,1180,0
3547,1180,11
3548,1180,9
3549,1180,10
3550,1181,0
3551,1181,9
3552,1182,11
3553,1182,7
3554,1182,3
3555,1182,4
3556,1182,9
3557,1183,8
3558,1183,11
3559,1183,9
3560,1184,6
3561,1184,11
3562,1184,4
3563,1184,1
3564,1184,9
3565,1185,4
3566,1185,9
3567,1186,0
3568,1186,11
3569,1186,9
3570,1187,0
3571,1187,11
3572,1187,3
3573,1187,4
3574,1187,9
3575,1187,10
3576,1188,0
3577,1188,8
3578,1188,11
3579,1188,9
3580,1189,0
3581,1189,9
3582,1190,0
3583,1190,6
3584,1190,11
3585,1190,4
3586,1190,1
3587,1190,9
3588,1191,6
3589,1191,11
3590,1191,7
3591,1191,4
3592,1191,9
3593,1192,11
3594,1192,9
3595,1193,0
3596,1193,11
3597,1193,4
3598,1193,9
3599,1194,8
3600,1194,9
3601,1195,0
3602,1195,11
3603,1195,4
3604,1195,1
3605,1195,9
3606,1196,0
3607,1196,11
3608,1196,9
3609,1197,11
3610,1197,9
3611,1197,10
3612,1198,9
3613,1199,6
3614,1199,11
3615,1199,7
3616,1199,9
3617,1200,0
3618,1200,8
3619,1200,4
3620,1200,2
3621,1200,9
3622,1201,9
3623,1202,0
3624,1202,11
3625,1202,9
3626,1202,10
3627,1203,0
3628,1203,11
3629,1203,4
3630,1203,1
3631,1203,9
3632,1204,0
3633,1204,4
3634,1204,1
3635,1204,9
3636,1205,0
3637,1205,1
3638,1205,9
3639,1206,4
3640,1206,1
3641,1206,9
3642,1207,0
3643,1207,11
3644,1207,4
3645,1207,9
3646,1208,0
3647,1208,11
3648,1208,4
3649,1208,9
3650,1209,11
3651,1209,9
3652,1209,10
3653,1210,0
3654,1210,11
3655,1210,4
3656,1210,1
3657,1210,9
3658,1211,0
3659,1211,11
3660,1211,4
3661,1211,1
3662,1211,9
3663,1212,11
3664,1212,7
3665,1212,3
3666,1212,4
3667,1212,1
3668,1212,9
3669,1213,0
3670,1213,11
3671,1213,9
3672,1214,0
3673,1214,11
3674,1214,4
3675,1214,2
3676,1214,9
3677,1214,10
3678,1215,9
3679,1216,4
3680,1216,9
3681,1217,11
3682,1217,4
3683,1217,9
3684,1217,10
3685,1218,0
3686,1218,8
3687,1218,11
3688,1218,3
3689,1218,4
3690,1218,9
3691,1219,9
3692,1220,11
3693,1220,3
3694,1220,4
3695,1220,2
3696,1220,9
3697,1220,10
3698,1222,0
3699,1222,1
3700,1222,9
3701,1223,8
3702,1223,1
3703,1223,9
3704,1224,11
3705,1224,3
3706,1224,4
3707,1224,9
3708,1225,0
3709,1225,9
3710,1228,11
3711,1228,7
3712,1228,4
3713,1228,9
3714,1229,6
3715,1229,8
3716,1229,11
3717,1229,4
3718,1229,9
3719,1230,9
3720,1231,7
3721,1231,3
3722,1231,2
3723,1231,9
3724,1232,8
3725,1232,11
3726,1232,4
3727,1232,9
3728,1233,0
3729,1233,4
3730,1233,9
3731,1235,11
3732,1235,7
3733,1235,4
3734,1235,1
3735,1235,9
3736,1236,0
3737,1236,11
3738,1236,7
3739,1236,4
3740,1236,9
3741,1237,0
3742,1237,9
3743,1238,8
3744,1238,9
