,food_rate,servic_rate,worth,design_rate
0,,,,
1,,,,
2,,,,
3,,,,
4,,,,
5,,,,
6,,,,
7,,,,
8,,,,
9,0.0,0.0,0.0,0.0
10,,,,
11,,,,
12,,,,
13,,,,
14,0.0,0.0,0.0,0.0
15,4.0,5.0,5.0,4.0
16,0.0,0.0,0.0,0.0
17,0.0,0.0,0.0,0.0
18,0.0,0.0,0.0,0.0
19,,,,
20,,,,
21,,,,
22,,,,
23,5.0,5.0,5.0,5.0
24,0.0,0.0,0.0,0.0
25,,,,
26,0.0,0.0,0.0,0.0
27,4.0,1.0,5.0,5.0
28,0.0,0.0,0.0,0.0
29,5.0,4.0,4.0,4.0
30,,,,
31,0.0,0.0,0.0,0.0
32,5.0,4.0,4.0,5.0
33,,,,
34,,,,
35,4.0,4.0,5.0,4.0
36,,,,
37,,,,
38,0.0,0.0,0.0,0.0
39,0.0,0.0,0.0,0.0
40,3.0,4.0,4.0,2.0
41,0.0,0.0,0.0,0.0
42,4.0,3.0,4.0,3.0
43,4.0,4.0,5.0,4.0
44,4.0,4.0,4.0,4.0
45,4.0,1.0,3.0,2.0
46,0.0,0.0,0.0,0.0
47,5.0,5.0,5.0,5.0
48,3.0,3.0,4.0,4.0
49,0.0,0.0,0.0,0.0
50,0.0,0.0,0.0,0.0
51,5.0,5.0,5.0,5.0
52,0.0,0.0,0.0,0.0
53,4.0,4.0,5.0,4.0
54,4.0,4.0,3.0,3.0
55,0.0,0.0,0.0,0.0
56,0.0,0.0,0.0,0.0
57,2.0,3.0,3.0,2.0
58,2.0,4.0,4.0,3.0
59,4.0,4.0,4.0,4.0
60,4.0,4.0,5.0,4.0
61,4.0,4.0,5.0,4.0
62,1.0,1.0,3.0,1.0
63,5.0,4.0,4.0,4.0
64,0.0,0.0,0.0,0.0
65,4.0,4.0,4.0,4.0
66,2.0,2.0,3.0,2.0
67,3.0,4.0,5.0,4.0
68,4.0,4.0,3.0,4.0
69,3.0,3.0,3.0,3.0
70,,,,
71,4.0,3.0,4.0,3.0
72,0.0,0.0,0.0,0.0
73,0.0,0.0,0.0,0.0
74,0.0,0.0,0.0,0.0
75,4.0,4.0,4.0,4.0
76,4.0,4.0,4.0,4.0
77,4.0,4.0,4.0,4.0
78,3.0,4.0,4.0,3.0
79,,,,
80,,,,
81,5.0,5.0,5.0,4.0
82,,,,
83,,,,
84,0.0,0.0,0.0,0.0
85,,,,
86,,,,
87,,,,
88,,,,
89,2.0,3.0,2.0,3.0
90,2.0,1.0,2.0,2.0
91,,,,
92,,,,
93,4.0,4.0,4.0,4.0
94,,,,
95,,,,
96,4.0,4.0,4.0,4.0
97,4.0,4.0,4.0,4.0
98,0.0,0.0,0.0,0.0
99,,,,
100,4.0,2.0,5.0,2.0
101,0.0,0.0,0.0,0.0
102,,,,
103,5.0,5.0,5.0,5.0
104,4.0,4.0,4.0,4.0
105,,,,
106,2.0,2.0,2.0,2.0
107,0.0,0.0,0.0,0.0
108,0.0,0.0,0.0,0.0
109,1.0,4.0,3.0,3.0
110,3.0,3.0,3.0,3.0
111,4.0,4.0,4.0,4.0
112,4.0,5.0,5.0,4.0
113,2.0,2.0,5.0,2.0
114,3.0,4.0,4.0,3.0
115,5.0,4.0,5.0,4.0
116,5.0,5.0,5.0,5.0
117,4.0,4.0,4.0,4.0
118,,,,
119,4.0,4.0,4.0,4.0
120,,,,
121,4.0,4.0,4.0,4.0
122,5.0,5.0,5.0,5.0
123,5.0,5.0,5.0,5.0
124,5.0,5.0,5.0,5.0
125,5.0,5.0,5.0,5.0
126,0.0,0.0,0.0,0.0
127,4.0,3.0,3.0,5.0
128,4.0,4.0,5.0,4.0
129,3.0,4.0,4.0,3.0
130,4.0,4.0,4.0,3.0
131,4.0,3.0,3.0,4.0
132,4.0,5.0,4.0,5.0
133,4.0,5.0,5.0,5.0
134,4.0,4.0,2.0,4.0
135,4.0,4.0,5.0,3.0
136,2.0,3.0,3.0,2.0
137,0.0,0.0,0.0,0.0
138,5.0,5.0,5.0,5.0
139,,,,
140,,,,
141,2.0,2.0,2.0,3.0
142,,,,
143,1.0,1.0,1.0,2.0
144,,,,
145,0.0,0.0,0.0,0.0
146,0.0,0.0,0.0,0.0
147,,,,
148,5.0,4.0,5.0,4.0
149,,,,
150,0.0,0.0,0.0,0.0
151,0.0,0.0,0.0,0.0
152,,,,
153,,,,
154,0.0,0.0,0.0,0.0
155,4.0,4.0,4.0,4.0
156,3.0,4.0,5.0,3.0
157,0.0,0.0,0.0,0.0
158,0.0,0.0,0.0,0.0
159,0.0,0.0,0.0,0.0
160,4.0,4.0,5.0,4.0
161,5.0,4.0,4.0,3.0
162,1.0,4.0,5.0,3.0
163,,,,
164,,,,
165,0.0,0.0,0.0,0.0
166,1.0,1.0,3.0,1.0
167,0.0,0.0,0.0,0.0
168,,,,
169,,,,
170,4.0,4.0,4.0,4.0
171,,,,
172,,,,
173,0.0,0.0,0.0,0.0
174,4.0,4.0,4.0,4.0
175,4.0,1.0,3.0,2.0
176,,,,
177,5.0,5.0,4.0,5.0
178,0.0,0.0,0.0,0.0
179,5.0,3.0,5.0,3.0
180,0.0,0.0,0.0,0.0
181,4.0,4.0,4.0,4.0
182,,,,
183,0.0,0.0,0.0,0.0
184,0.0,0.0,0.0,0.0
185,0.0,0.0,0.0,0.0
186,0.0,0.0,0.0,0.0
187,5.0,5.0,5.0,5.0
188,,,,
189,4.0,4.0,4.0,4.0
190,0.0,0.0,0.0,0.0
191,,,,
192,1.0,3.0,1.0,1.0
193,2.0,3.0,3.0,2.0
194,,,,
195,5.0,5.0,5.0,5.0
196,4.0,4.0,4.0,4.0
197,5.0,5.0,5.0,5.0
198,5.0,5.0,5.0,5.0
199,4.0,4.0,4.0,4.0
200,4.0,4.0,4.0,3.0
201,0.0,0.0,0.0,0.0
202,0.0,0.0,0.0,0.0
203,4.0,4.0,5.0,4.0
204,5.0,5.0,5.0,5.0
205,,,,
206,,,,
207,,,,
208,0.0,0.0,0.0,0.0
209,,,,
210,2.0,3.0,3.0,4.0
211,3.0,3.0,3.0,3.0
212,4.0,4.0,5.0,3.0
213,0.0,0.0,0.0,0.0
214,0.0,0.0,0.0,0.0
215,5.0,5.0,5.0,5.0
216,,,,
217,3.0,3.0,3.0,3.0
218,0.0,0.0,0.0,0.0
219,3.0,4.0,3.0,4.0
220,,,,
221,0.0,0.0,0.0,0.0
222,4.0,2.0,1.0,3.0
223,4.0,5.0,4.0,4.0
224,0.0,0.0,0.0,0.0
225,,,,
226,1.0,1.0,1.0,1.0
227,3.0,2.0,4.0,2.0
228,2.0,2.0,4.0,2.0
229,0.0,0.0,0.0,0.0
230,5.0,5.0,5.0,4.0
231,0.0,0.0,0.0,0.0
232,4.0,4.0,4.0,4.0
233,,,,
234,5.0,5.0,5.0,4.0
235,5.0,4.0,4.0,5.0
236,4.0,4.0,5.0,4.0
237,4.0,2.0,3.0,5.0
238,4.0,3.0,4.0,4.0
239,,,,
240,,,,
241,,,,
242,,,,
243,,,,
244,,,,
245,,,,
246,,,,
247,,,,
248,4.0,4.0,4.0,3.0
249,,,,
250,,,,
251,,,,
252,,,,
253,,,,
254,,,,
255,,,,
256,,,,
257,,,,
258,5.0,5.0,5.0,5.0
259,,,,
260,5.0,5.0,4.0,5.0
261,4.0,4.0,4.0,4.0
262,,,,
263,4.0,4.0,3.0,3.0
264,3.0,4.0,4.0,3.0
265,,,,
266,4.0,4.0,4.0,4.0
267,8.0,4.0,4.0,4.0
268,4.0,4.0,4.0,4.0
269,3.0,2.0,4.0,2.0
270,4.0,4.0,4.0,5.0
271,3.0,4.0,4.0,3.0
272,4.0,4.0,4.0,4.0
273,4.0,4.0,4.0,4.0
274,5.0,5.0,4.0,5.0
275,4.0,4.0,4.0,3.0
276,3.0,3.0,4.0,3.0
277,4.0,4.0,3.0,4.0
278,3.0,4.0,4.0,3.0
279,,,,
280,,,,
281,,,,
282,,,,
283,,,,
284,,,,
285,4.0,5.0,5.0,5.0
286,,,,
287,,,,
288,,,,
289,,,,
290,,,,
291,,,,
292,,,,
293,,,,
294,,,,
295,,,,
296,,,,
297,,,,
298,,,,
299,0.0,0.0,0.0,0.0
300,,,,
301,,,,
302,,,,
303,,,,
304,,,,
305,,,,
306,,,,
307,,,,
308,,,,
309,4.0,4.0,5.0,5.0
310,,,,
311,,,,
312,,,,
313,,,,
314,,,,
315,0.0,0.0,0.0,0.0
316,4.0,4.0,4.0,3.0
317,,,,
318,,,,
319,,,,
320,0.0,0.0,0.0,0.0
321,,,,
322,,,,
323,,,,
324,,,,
325,,,,
326,,,,
327,,,,
328,,,,
329,,,,
330,,,,
331,3.0,4.0,3.0,4.0
332,,,,
333,4.0,3.0,3.0,3.0
334,,,,
335,,,,
336,,,,
337,,,,
338,,,,
339,,,,
340,3.0,4.0,5.0,3.0
341,4.0,4.0,4.0,4.0
342,,,,
343,,,,
344,,,,
345,,,,
346,0.0,0.0,0.0,0.0
347,,,,
348,,,,
349,,,,
350,,,,
351,,,,
352,,,,
353,,,,
354,,,,
355,,,,
356,,,,
357,,,,
358,,,,
359,,,,
360,,,,
361,,,,
362,,,,
363,,,,
364,,,,
365,,,,
366,,,,
367,,,,
368,,,,
369,,,,
370,,,,
371,,,,
372,2.0,2.0,4.0,2.0
373,,,,
374,,,,
375,,,,
376,,,,
377,,,,
378,,,,
379,,,,
380,,,,
381,,,,
382,,,,
383,,,,
384,,,,
385,,,,
386,4.0,3.0,4.0,4.0
387,5.0,5.0,5.0,5.0
388,,,,
389,,,,
390,2.0,3.0,3.0,2.0
391,,,,
392,,,,
393,,,,
394,,,,
395,,,,
396,4.0,4.0,4.0,4.0
397,,,,
398,5.0,5.0,5.0,5.0
399,,,,
400,,,,
401,1.0,2.0,4.0,1.0
402,,,,
403,,,,
404,0.0,0.0,0.0,0.0
405,,,,
406,0.0,0.0,0.0,0.0
407,5.0,5.0,5.0,4.0
408,,,,
409,,,,
410,,,,
411,,,,
412,0.0,0.0,0.0,0.0
413,4.0,4.0,4.0,4.0
414,,,,
415,0.0,0.0,0.0,0.0
416,,,,
417,,,,
418,,,,
419,,,,
420,0.0,0.0,0.0,0.0
421,,,,
422,,,,
423,,,,
424,,,,
425,,,,
426,0.0,0.0,0.0,0.0
427,,,,
428,,,,
429,,,,
430,,,,
431,4.0,4.0,5.0,4.0
432,5.0,4.0,4.0,4.0
433,3.0,5.0,2.0,5.0
434,,,,
435,,,,
436,,,,
437,,,,
438,,,,
439,,,,
440,3.0,2.0,4.0,2.0
441,,,,
442,0.0,0.0,0.0,0.0
443,,,,
444,4.0,4.0,4.0,4.0
445,,,,
446,,,,
447,,,,
448,4.0,4.0,4.0,3.0
449,,,,
450,,,,
451,5.0,2.0,1.0,4.0
452,,,,
453,,,,
454,,,,
455,,,,
456,,,,
457,1.0,1.0,1.0,1.0
458,,,,
459,,,,
460,,,,
461,,,,
462,,,,
463,,,,
464,,,,
465,1.0,1.0,4.0,1.0
466,,,,
467,,,,
468,3.0,4.0,4.0,3.0
469,,,,
470,,,,
471,1.0,1.0,2.0,1.0
472,,,,
473,,,,
474,,,,
475,4.0,4.0,5.0,4.0
476,,,,
477,,,,
478,,,,
479,,,,
480,1.0,1.0,1.0,2.0
481,,,,
482,,,,
483,,,,
484,,,,
485,,,,
486,,,,
487,,,,
488,,,,
489,,,,
490,2.0,2.0,4.0,2.0
491,0.0,0.0,0.0,0.0
492,,,,
493,,,,
494,,,,
495,,,,
496,,,,
497,,,,
498,,,,
499,,,,
500,,,,
501,,,,
502,,,,
503,3.0,3.0,4.0,3.0
504,5.0,5.0,4.0,4.0
505,,,,
506,,,,
507,,,,
508,4.0,4.0,5.0,4.0
509,,,,
510,,,,
511,,,,
512,,,,
513,,,,
514,4.0,5.0,3.0,3.0
515,,,,
516,0.0,0.0,0.0,0.0
517,3.0,3.0,3.0,3.0
518,4.0,5.0,4.0,4.0
519,,,,
520,,,,
521,,,,
522,,,,
523,,,,
524,,,,
525,0.0,0.0,0.0,0.0
526,,,,
527,0.0,0.0,0.0,0.0
528,3.0,2.0,2.0,2.0
529,5.0,5.0,4.0,4.0
530,,,,
531,,,,
532,4.0,4.0,2.0,4.0
533,1.0,3.0,3.0,3.0
534,,,,
535,,,,
536,0.0,0.0,0.0,0.0
537,,,,
538,,,,
539,,,,
540,5.0,5.0,3.0,5.0
541,,,,
542,,,,
543,,,,
544,3.0,3.0,3.0,4.0
545,,,,
546,,,,
547,,,,
548,0.0,0.0,0.0,0.0
549,,,,
550,,,,
551,2.0,2.0,3.0,2.0
552,,,,
553,,,,
554,5.0,4.0,5.0,5.0
555,0.0,0.0,0.0,0.0
556,3.0,4.0,3.0,3.0
557,,,,
558,,,,
559,,,,
560,,,,
561,,,,
562,0.0,0.0,0.0,0.0
563,0.0,0.0,0.0,0.0
564,,,,
565,,,,
566,4.0,4.0,4.0,4.0
567,,,,
568,,,,
569,2.0,3.0,5.0,2.0
570,4.0,4.0,5.0,4.0
571,4.0,5.0,5.0,4.0
572,3.0,2.0,3.0,3.0
573,4.0,3.0,4.0,4.0
574,,,,
575,0.0,0.0,0.0,0.0
576,,,,
577,,,,
578,,,,
579,3.0,3.0,4.0,2.0
580,4.0,2.0,4.0,4.0
581,2.0,2.0,4.0,3.0
582,,,,
583,1.0,1.0,1.0,1.0
584,4.0,5.0,4.0,5.0
585,,,,
586,,,,
587,,,,
588,,,,
589,2.0,2.0,4.0,2.0
590,,,,
591,,,,
592,,,,
593,3.0,4.0,4.0,4.0
594,3.0,4.0,3.0,3.0
595,1.0,1.0,3.0,4.0
596,3.0,3.0,4.0,3.0
597,4.0,5.0,5.0,4.0
598,,,,
599,,,,
600,,,,
601,5.0,4.0,5.0,3.0
602,0.0,0.0,0.0,0.0
603,,,,
604,4.0,4.0,5.0,4.0
605,5.0,5.0,5.0,5.0
606,,,,
607,0.0,0.0,0.0,0.0
608,0.0,0.0,0.0,0.0
609,,,,
610,,,,
611,4.0,4.0,4.0,4.0
612,4.0,4.0,4.0,4.0
613,,,,
614,,,,
615,,,,
616,0.0,0.0,0.0,0.0
617,,,,
618,0.0,0.0,0.0,0.0
619,,,,
620,2.0,2.0,4.0,1.0
621,,,,
622,5.0,5.0,4.0,5.0
623,4.0,4.0,3.0,3.0
624,4.0,4.0,5.0,4.0
625,,,,
626,5.0,4.0,4.0,5.0
627,3.0,3.0,4.0,3.0
628,,,,
629,,,,
630,0.0,0.0,0.0,0.0
631,4.0,4.0,4.0,4.0
632,,,,
633,,,,
634,1.0,2.0,5.0,1.0
635,,,,
636,5.0,5.0,5.0,5.0
637,,,,
638,4.0,4.0,4.0,4.0
639,,,,
640,,,,
641,2.0,4.0,3.0,2.0
642,,,,
643,,,,
644,4.0,5.0,4.0,4.0
645,4.0,3.0,4.0,4.0
646,,,,
647,0.0,0.0,0.0,0.0
648,,,,
649,5.0,5.0,4.0,5.0
650,3.0,3.0,5.0,2.0
651,5.0,5.0,5.0,5.0
652,,,,
653,,,,
654,,,,
655,4.0,4.0,5.0,3.0
656,5.0,5.0,5.0,5.0
657,,,,
658,0.0,0.0,0.0,0.0
659,,,,
660,3.0,3.0,3.0,3.0
661,,,,
662,0.0,0.0,0.0,0.0
663,,,,
664,5.0,4.0,3.0,3.0
665,,,,
666,,,,
667,4.0,4.0,3.0,4.0
668,2.0,4.0,4.0,2.0
669,1.0,1.0,1.0,1.0
670,5.0,5.0,5.0,5.0
671,0.0,0.0,0.0,0.0
672,,,,
673,,,,
674,,,,
675,,,,
676,5.0,5.0,5.0,5.0
677,,,,
678,4.0,4.0,3.0,4.0
679,4.0,4.0,3.0,4.0
680,0.0,0.0,0.0,0.0
681,5.0,5.0,4.0,5.0
682,,,,
683,,,,
684,4.0,4.0,5.0,5.0
685,0.0,0.0,0.0,0.0
686,4.0,4.0,4.0,4.0
687,,,,
688,4.0,4.0,4.0,4.0
689,,,,
690,3.0,2.0,3.0,2.0
691,2.0,3.0,4.0,3.0
692,5.0,4.0,5.0,4.0
693,4.0,4.0,4.0,3.0
694,,,,
695,3.0,4.0,4.0,2.0
696,0.0,0.0,0.0,0.0
697,5.0,5.0,5.0,5.0
698,4.0,3.0,4.0,3.0
699,0.0,0.0,0.0,0.0
700,,,,
701,,,,
702,,,,
703,,,,
704,,,,
705,3.0,5.0,5.0,5.0
706,4.0,4.0,4.0,4.0
707,4.0,5.0,4.0,4.0
708,4.0,4.0,4.0,3.0
709,5.0,5.0,5.0,4.0
710,,,,
711,,,,
712,3.0,4.0,5.0,3.0
713,4.0,3.0,4.0,3.0
714,,,,
715,0.0,0.0,0.0,0.0
716,4.0,4.0,5.0,4.0
717,4.0,4.0,5.0,4.0
718,,,,
719,,,,
720,4.0,2.0,4.0,2.0
721,,,,
722,0.0,0.0,0.0,0.0
723,4.0,4.0,4.0,4.0
724,4.0,4.0,4.0,4.0
725,0.0,0.0,0.0,0.0
726,5.0,4.0,5.0,4.0
727,3.0,2.0,3.0,2.0
728,4.0,4.0,4.0,4.0
729,5.0,5.0,5.0,5.0
730,3.0,3.0,3.0,3.0
731,,,,
732,3.0,3.0,2.0,2.0
733,0.0,0.0,0.0,0.0
734,1.0,1.0,1.0,5.0
735,4.0,4.0,4.0,3.0
736,0.0,0.0,0.0,0.0
737,,,,
738,,,,
739,,,,
740,2.0,1.0,1.0,2.0
741,0.0,0.0,0.0,0.0
742,0.0,0.0,0.0,0.0
743,3.0,3.0,3.0,2.0
744,,,,
745,4.0,4.0,4.0,4.0
746,4.0,4.0,5.0,4.0
747,,,,
748,0.0,0.0,0.0,0.0
749,4.0,5.0,2.0,4.0
750,0.0,0.0,0.0,0.0
751,4.0,4.0,3.0,4.0
752,3.0,4.0,5.0,4.0
753,4.0,4.0,4.0,4.0
754,4.0,3.0,3.0,4.0
755,0.0,0.0,0.0,0.0
756,5.0,4.0,5.0,5.0
757,,,,
758,,,,
759,,,,
760,0.0,0.0,0.0,0.0
761,5.0,5.0,5.0,5.0
762,5.0,5.0,5.0,5.0
763,3.0,4.0,4.0,4.0
764,5.0,5.0,5.0,5.0
765,2.0,2.0,4.0,2.0
766,3.0,3.0,3.0,3.0
767,0.0,0.0,0.0,0.0
768,5.0,5.0,5.0,5.0
769,4.0,3.0,4.0,4.0
770,,,,
771,,,,
772,3.0,3.0,4.0,2.0
773,4.0,4.0,4.0,4.0
774,0.0,0.0,0.0,0.0
775,3.0,3.0,5.0,4.0
776,,,,
777,3.0,3.0,3.0,3.0
778,4.0,4.0,4.0,4.0
779,,,,
780,,,,
781,4.0,4.0,4.0,4.0
782,5.0,5.0,4.0,4.0
783,4.0,4.0,4.0,5.0
784,4.0,4.0,5.0,3.0
785,,,,
786,3.0,3.0,4.0,3.0
787,4.0,4.0,3.0,4.0
788,0.0,0.0,0.0,0.0
789,5.0,3.0,4.0,4.0
790,0.0,0.0,0.0,0.0
791,1.0,1.0,4.0,1.0
792,0.0,0.0,0.0,0.0
793,4.0,4.0,4.0,4.0
794,4.0,4.0,5.0,4.0
795,3.0,4.0,3.0,3.0
796,0.0,0.0,0.0,0.0
797,0.0,0.0,0.0,0.0
798,,,,
799,4.0,4.0,3.0,4.0
800,4.0,5.0,4.0,4.0
801,0.0,0.0,0.0,0.0
802,2.0,1.0,2.0,1.0
803,1.0,1.0,1.0,1.0
804,,,,
805,5.0,4.0,1.0,3.0
806,4.0,3.0,4.0,3.0
807,3.0,2.0,2.0,3.0
808,4.0,3.0,4.0,4.0
809,3.0,3.0,3.0,3.0
810,0.0,0.0,0.0,0.0
811,0.0,0.0,0.0,0.0
812,5.0,4.0,4.0,4.0
813,,,,
814,0.0,0.0,0.0,0.0
815,4.0,4.0,4.0,4.0
816,0.0,0.0,0.0,0.0
817,1.0,2.0,2.0,1.0
818,3.0,3.0,3.0,2.0
819,5.0,5.0,5.0,5.0
820,,,,
821,0.0,0.0,0.0,0.0
822,,,,
823,,,,
824,,,,
825,4.0,4.0,4.0,5.0
826,5.0,5.0,5.0,5.0
827,,,,
828,4.0,4.0,4.0,4.0
829,3.0,3.0,3.0,2.0
830,4.0,4.0,3.0,2.0
831,0.0,0.0,0.0,0.0
832,3.0,2.0,3.0,2.0
833,5.0,4.0,4.0,5.0
834,4.0,4.0,5.0,4.0
835,4.0,3.0,3.0,3.0
836,4.0,4.0,4.0,3.0
837,,,,
838,5.0,4.0,4.0,4.0
839,3.0,3.0,4.0,3.0
840,,,,
841,5.0,5.0,5.0,4.0
842,4.0,4.0,4.0,4.0
843,4.0,4.0,4.0,4.0
844,4.0,4.0,5.0,4.0
845,3.0,3.0,4.0,3.0
846,3.0,1.0,2.0,3.0
847,5.0,3.0,4.0,5.0
848,1.0,1.0,1.0,1.0
849,,,,
850,4.0,4.0,5.0,4.0
851,3.0,3.0,4.0,4.0
852,3.0,3.0,3.0,3.0
853,4.0,4.0,4.0,4.0
854,5.0,5.0,5.0,4.0
855,5.0,4.0,3.0,4.0
856,4.0,4.0,4.0,4.0
857,5.0,4.0,4.0,4.0
858,3.0,4.0,4.0,4.0
859,4.0,4.0,4.0,4.0
860,3.0,3.0,3.0,3.0
861,0.0,0.0,0.0,0.0
862,5.0,5.0,4.0,4.0
863,4.0,4.0,3.0,3.0
864,2.0,2.0,3.0,2.0
865,0.0,0.0,0.0,0.0
866,4.0,3.0,4.0,3.0
867,4.0,3.0,4.0,4.0
868,4.0,3.0,4.0,4.0
869,,,,
870,4.0,4.0,3.0,3.0
871,2.0,2.0,2.0,2.0
872,5.0,4.0,5.0,5.0
873,0.0,0.0,0.0,0.0
874,3.0,4.0,4.0,4.0
875,4.0,3.0,4.0,3.0
876,3.0,4.0,4.0,2.0
877,4.0,4.0,5.0,4.0
878,3.0,4.0,4.0,2.0
879,4.0,5.0,5.0,4.0
880,3.0,3.0,3.0,2.0
881,3.0,3.0,4.0,3.0
882,3.0,4.0,3.0,3.0
883,4.0,4.0,4.0,4.0
884,,,,
885,3.0,3.0,4.0,3.0
886,,,,
887,4.0,4.0,5.0,4.0
888,2.0,2.0,5.0,2.0
889,,,,
890,2.0,2.0,3.0,2.0
891,4.0,4.0,4.0,4.0
892,3.0,5.0,4.0,4.0
893,4.0,4.0,4.0,4.0
894,5.0,5.0,5.0,5.0
895,4.0,4.0,4.0,4.0
896,2.0,4.0,3.0,3.0
897,5.0,4.0,5.0,4.0
898,4.0,4.0,4.0,4.0
899,,,,
900,3.0,3.0,4.0,3.0
901,4.0,4.0,4.0,4.0
902,3.0,3.0,3.0,2.0
903,3.0,3.0,3.0,3.0
904,4.0,4.0,5.0,4.0
905,3.0,3.0,3.0,3.0
906,3.0,2.0,3.0,3.0
907,1.0,1.0,2.0,1.0
908,,,,
909,3.0,2.0,4.0,2.0
910,3.0,3.0,4.0,4.0
911,5.0,5.0,5.0,5.0
912,3.0,2.0,3.0,1.0
913,,,,
914,4.0,4.0,5.0,4.0
915,3.0,2.0,4.0,4.0
916,3.0,3.0,3.0,3.0
917,2.0,2.0,1.0,3.0
918,1.0,2.0,4.0,1.0
919,4.0,4.0,4.0,4.0
920,3.0,3.0,3.0,3.0
921,4.0,4.0,5.0,3.0
922,4.0,4.0,4.0,4.0
923,4.0,4.0,4.0,3.0
924,4.0,3.0,4.0,3.0
925,5.0,5.0,4.0,5.0
926,5.0,4.0,5.0,4.0
927,4.0,4.0,3.0,4.0
928,0.0,0.0,0.0,0.0
929,5.0,5.0,5.0,5.0
930,4.0,4.0,4.0,3.0
931,3.0,1.0,1.0,3.0
932,5.0,4.0,4.0,4.0
933,0.0,0.0,0.0,0.0
934,5.0,5.0,5.0,5.0
935,4.0,4.0,5.0,4.0
936,4.0,3.0,3.0,3.0
937,4.0,4.0,4.0,4.0
938,5.0,4.0,3.0,5.0
939,5.0,4.0,3.0,4.0
940,4.0,4.0,4.0,4.0
941,4.0,4.0,4.0,4.0
942,4.0,5.0,5.0,4.0
943,5.0,5.0,5.0,4.0
944,4.0,4.0,4.0,4.0
945,2.0,2.0,2.0,2.0
946,4.0,4.0,4.0,4.0
947,4.0,4.0,4.0,4.0
948,4.0,4.0,4.0,4.0
949,4.0,4.0,4.0,4.0
950,3.0,4.0,3.0,4.0
951,1.0,1.0,1.0,1.0
952,3.0,4.0,4.0,3.0
953,3.0,3.0,3.0,3.0
954,4.0,4.0,4.0,3.0
955,3.0,4.0,4.0,2.0
956,4.0,4.0,4.0,4.0
957,4.0,4.0,5.0,3.0
958,4.0,5.0,4.0,5.0
959,2.0,2.0,2.0,2.0
960,4.0,4.0,4.0,4.0
961,4.0,4.0,4.0,3.0
962,3.0,3.0,3.0,3.0
963,5.0,5.0,5.0,5.0
964,4.0,4.0,3.0,4.0
965,3.0,3.0,3.0,4.0
966,4.0,4.0,4.0,4.0
967,4.0,3.0,4.0,3.0
968,4.0,4.0,4.0,4.0
969,4.0,5.0,4.0,4.0
970,4.0,3.0,4.0,3.0
971,5.0,5.0,5.0,4.0
972,4.0,4.0,4.0,4.0
973,4.0,3.0,4.0,3.0
974,4.0,4.0,5.0,4.0
975,4.0,4.0,4.0,4.0
976,4.0,4.0,4.0,4.0
977,2.0,2.0,3.0,2.0
978,3.0,3.0,4.0,3.0
979,4.0,4.0,4.0,4.0
980,4.0,4.0,4.0,4.0
981,0.0,0.0,0.0,0.0
982,4.0,4.0,4.0,4.0
983,4.0,4.0,4.0,3.0
984,5.0,4.0,4.0,3.0
985,4.0,4.0,4.0,4.0
986,4.0,3.0,4.0,4.0
987,5.0,5.0,5.0,5.0
988,5.0,5.0,3.0,5.0
989,3.0,2.0,2.0,2.0
990,2.0,2.0,4.0,2.0
991,3.0,3.0,4.0,3.0
992,3.0,4.0,4.0,3.0
993,4.0,3.0,4.0,4.0
994,4.0,4.0,4.0,4.0
995,5.0,5.0,5.0,5.0
996,4.0,5.0,4.0,4.0
997,3.0,4.0,4.0,4.0
998,4.0,4.0,4.0,4.0
999,2.0,2.0,2.0,4.0
1000,4.0,4.0,4.0,4.0
1001,4.0,3.0,4.0,3.0
1002,4.0,4.0,3.0,4.0
1003,4.0,4.0,3.0,3.0
1004,4.0,3.0,3.0,4.0
1005,4.0,4.0,3.0,4.0
1006,4.0,4.0,4.0,4.0
1007,4.0,4.0,4.0,4.0
1008,4.0,4.0,5.0,4.0
1009,4.0,4.0,5.0,4.0
1010,4.0,4.0,4.0,3.0
1011,3.0,2.0,2.0,2.0
1012,4.0,4.0,4.0,4.0
1013,4.0,3.0,5.0,3.0
1014,4.0,4.0,4.0,3.0
1015,4.0,4.0,4.0,3.0
1016,4.0,4.0,4.0,4.0
1017,4.0,5.0,5.0,4.0
1018,3.0,3.0,4.0,4.0
1019,3.0,4.0,4.0,3.0
1020,4.0,3.0,4.0,3.0
1021,5.0,5.0,5.0,5.0
1022,0.0,0.0,0.0,0.0
1023,4.0,4.0,4.0,4.0
1024,4.0,4.0,5.0,3.0
1025,4.0,4.0,5.0,4.0
1026,4.0,4.0,3.0,4.0
1027,,,,
1028,0.0,0.0,0.0,0.0
1029,4.0,4.0,4.0,4.0
1030,0.0,0.0,0.0,0.0
1031,4.0,4.0,4.0,4.0
1032,3.0,4.0,4.0,3.0
1033,4.0,4.0,4.0,4.0
1034,4.0,4.0,4.0,4.0
1035,3.0,4.0,4.0,3.0
1036,,,,
1037,4.0,4.0,4.0,4.0
1038,4.0,4.0,3.0,4.0
1039,4.0,4.0,4.0,3.0
1040,4.0,3.0,4.0,3.0
1041,4.0,3.0,4.0,3.0
1042,4.0,4.0,4.0,4.0
1043,4.0,4.0,4.0,3.0
1044,2.0,2.0,2.0,2.0
1045,3.0,3.0,4.0,3.0
1046,1.0,1.0,1.0,1.0
1047,4.0,4.0,4.0,3.0
1048,4.0,4.0,2.0,4.0
1049,4.0,4.0,4.0,4.0
1050,4.0,4.0,4.0,3.0
1051,,,,
1052,,,,
1053,3.0,2.0,3.0,2.0
1054,4.0,4.0,3.0,4.0
1055,5.0,5.0,5.0,5.0
1056,4.0,4.0,4.0,4.0
1057,3.0,2.0,2.0,3.0
1058,4.0,4.0,5.0,4.0
1059,4.0,4.0,4.0,4.0
1060,1.0,1.0,2.0,1.0
1061,4.0,4.0,4.0,4.0
1062,4.0,4.0,5.0,4.0
1063,4.0,4.0,4.0,4.0
1064,4.0,4.0,4.0,4.0
1065,4.0,4.0,3.0,4.0
1066,4.0,4.0,4.0,4.0
1067,2.0,2.0,4.0,3.0
1068,4.0,4.0,4.0,4.0
1069,5.0,5.0,4.0,5.0
1070,3.0,3.0,3.0,2.0
1071,4.0,4.0,5.0,5.0
1072,4.0,4.0,4.0,4.0
1073,4.0,3.0,4.0,3.0
1074,4.0,3.0,4.0,4.0
1075,4.0,4.0,4.0,4.0
1076,,,,
1077,4.0,5.0,4.0,4.0
1078,3.0,3.0,4.0,4.0
1079,4.0,3.0,4.0,4.0
1080,0.0,0.0,0.0,0.0
1081,4.0,4.0,4.0,4.0
1082,4.0,3.0,4.0,3.0
1083,0.0,0.0,0.0,0.0
1084,3.0,3.0,3.0,3.0
1085,0.0,0.0,0.0,0.0
1086,4.0,3.0,4.0,4.0
1087,4.0,4.0,4.0,4.0
1088,3.0,3.0,4.0,3.0
1089,4.0,3.0,4.0,3.0
1090,4.0,4.0,4.0,4.0
1091,3.0,3.0,2.0,3.0
1092,0.0,0.0,0.0,0.0
1093,31.0,4.0,4.0,3.0
1094,3.0,3.0,4.0,3.0
1095,4.0,3.0,4.0,3.0
1096,2.0,2.0,2.0,3.0
1097,4.0,4.0,4.0,4.0
1098,,,,
1099,3.0,3.0,4.0,3.0
1100,4.0,3.0,4.0,3.0
1101,3.0,3.0,4.0,5.0
1102,4.0,4.0,4.0,4.0
1103,4.0,4.0,4.0,4.0
1104,5.0,4.0,4.0,5.0
1105,4.0,4.0,4.0,4.0
1106,4.0,3.0,4.0,3.0
1107,5.0,4.0,5.0,4.0
1108,3.0,3.0,3.0,3.0
1109,4.0,4.0,4.0,4.0
1110,4.0,4.0,4.0,4.0
1111,3.0,4.0,4.0,3.0
1112,4.0,4.0,4.0,4.0
1113,3.0,3.0,4.0,3.0
1114,4.0,4.0,4.0,4.0
1115,4.0,4.0,4.0,4.0
1116,4.0,4.0,4.0,4.0
1117,0.0,0.0,0.0,0.0
1118,4.0,4.0,4.0,4.0
1119,4.0,4.0,4.0,4.0
1120,4.0,4.0,5.0,4.0
1121,4.0,4.0,4.0,4.0
1122,4.0,4.0,4.0,4.0
1123,4.0,4.0,4.0,4.0
1124,4.0,4.0,4.0,4.0
1125,4.0,4.0,4.0,3.0
1126,5.0,5.0,5.0,5.0
1127,4.0,3.0,4.0,3.0
1128,4.0,4.0,4.0,4.0
1129,1.0,1.0,5.0,2.0
1130,4.0,3.0,4.0,4.0
1131,3.0,3.0,4.0,3.0
1132,3.0,2.0,3.0,3.0
1133,4.0,4.0,3.0,3.0
1134,4.0,4.0,4.0,4.0
1135,5.0,4.0,4.0,4.0
1136,4.0,4.0,4.0,3.0
1137,4.0,4.0,4.0,4.0
1138,4.0,4.0,4.0,3.0
1139,4.0,4.0,4.0,4.0
1140,4.0,3.0,3.0,3.0
1141,1.0,1.0,3.0,5.0
1142,4.0,4.0,4.0,4.0
1143,4.0,2.0,4.0,3.0
1144,3.0,3.0,3.0,3.0
1145,4.0,4.0,4.0,4.0
1146,4.0,4.0,4.0,4.0
1147,4.0,3.0,4.0,4.0
1148,,,,
1149,3.0,3.0,2.0,3.0
1150,4.0,3.0,3.0,3.0
1151,4.0,4.0,4.0,3.0
1152,3.0,3.0,3.0,3.0
1153,5.0,5.0,5.0,5.0
1154,4.0,4.0,4.0,3.0
1155,4.0,4.0,4.0,3.0
1156,3.0,4.0,4.0,4.0
1157,4.0,3.0,2.0,4.0
1158,0.0,0.0,0.0,0.0
1159,,,,
1160,4.0,4.0,4.0,4.0
1161,4.0,4.0,4.0,4.0
1162,4.0,4.0,5.0,4.0
1163,4.0,4.0,4.0,4.0
1164,5.0,2.0,2.0,2.0
1165,4.0,4.0,4.0,3.0
1166,4.0,3.0,2.0,4.0
1167,4.0,4.0,4.0,4.0
1168,4.0,4.0,4.0,4.0
1169,5.0,4.0,4.0,4.0
1170,4.0,4.0,4.0,4.0
1171,4.0,4.0,4.0,4.0
1172,2.0,2.0,2.0,2.0
1173,,,,
1174,4.0,4.0,4.0,4.0
1175,3.0,3.0,3.0,4.0
1176,4.0,4.0,4.0,4.0
1177,4.0,3.0,3.0,4.0
1178,4.0,5.0,4.0,4.0
1179,4.0,3.0,4.0,3.0
1180,,,,
1181,5.0,4.0,4.0,4.0
1182,4.0,4.0,4.0,4.0
1183,4.0,4.0,4.0,4.0
1184,0.0,0.0,0.0,0.0
1185,5.0,5.0,5.0,5.0
1186,4.0,3.0,4.0,4.0
1187,3.0,3.0,4.0,3.0
1188,4.0,4.0,4.0,4.0
1189,3.0,2.0,3.0,3.0
1190,4.0,3.0,3.0,4.0
1191,4.0,4.0,4.0,3.0
1192,4.0,4.0,4.0,4.0
1193,4.0,4.0,5.0,4.0
1194,2.0,2.0,3.0,2.0
1195,4.0,4.0,4.0,3.0
1196,4.0,4.0,4.0,4.0
1197,4.0,4.0,4.0,3.0
1198,4.0,4.0,4.0,4.0
1199,3.0,3.0,3.0,3.0
1200,3.0,4.0,4.0,4.0
1201,0.0,0.0,0.0,0.0
1202,4.0,5.0,4.0,4.0
1203,4.0,4.0,4.0,3.0
1204,4.0,4.0,4.0,4.0
1205,3.0,3.0,3.0,3.0
1206,4.0,4.0,4.0,4.0
1207,5.0,5.0,5.0,4.0
1208,4.0,4.0,4.0,4.0
1209,4.0,3.0,4.0,4.0
1210,4.0,4.0,4.0,4.0
1211,3.0,3.0,2.0,2.0
1212,3.0,3.0,3.0,3.0
1213,4.0,3.0,4.0,4.0
1214,4.0,4.0,4.0,4.0
1215,3.0,3.0,3.0,4.0
1216,4.0,4.0,3.0,4.0
1217,2.0,3.0,3.0,3.0
1218,4.0,4.0,5.0,4.0
1219,0.0,0.0,0.0,0.0
1220,4.0,3.0,3.0,3.0
1221,,,,
1222,3.0,3.0,3.0,3.0
1223,3.0,4.0,3.0,3.0
1224,4.0,3.0,3.0,4.0
1225,4.0,4.0,4.0,4.0
1226,4.0,4.0,3.0,3.0
1227,4.0,4.0,4.0,4.0
1228,2.0,2.0,2.0,2.0
1229,3.0,3.0,3.0,4.0
1230,,,,
1231,4.0,3.0,4.0,3.0
1232,4.0,4.0,4.0,4.0
1233,3.0,3.0,3.0,3.0
1234,3.0,1.0,3.0,3.0
1235,4.0,4.0,4.0,4.0
1236,4.0,4.0,4.0,4.0
1237,4.0,4.0,4.0,4.0
1238,4.0,4.0,4.0,4.0
